"roadmap_id","tool_name","domain_code","domain_group","primary_domain","maturity","phase","priority","lifecycle_tags","roadmap_status","existing_tool_id","candidate_existing_tool_ids","canonical_problem_id","problem_statement","inputs","outputs","core_logic","target_user","overlap_decision","gate_status","problem_is_defined","inputs_outputs_are_explicit","core_logic_is_defined","source_is_verifiable","method_is_verifiable","validation_is_verifiable","cross_site_decision","value_user_need_evidence","value_engineering_value_evidence","value_seo_evidence","value_content_linkage_evidence","value_return_visit_evidence","value_monetization_evidence","audit_owner","audit_version","audit_notes","mapping_confidence"
"TOOL-001","Ethernet Frame Overhead Calculator","A1","Core Networking","Ethernet / Switching","CORE","A","P1","CALCULATE","PLANNED","mtu-calculator","","CP-ETH-FRAME-OVERHEAD-001","Calculate Ethernet wire-frame overhead and resulting effective MTU/MSS for encapsulation and VLAN scenarios.","Underlay MTU; desired inner MTU; VLAN tag count; encapsulation layer byte sizes; IP version and transport header options.","Total layer overhead; current and required wire-frame bytes; effective inner MTU; advertised MSS; frame-limit and risk warnings.","Ethernet header 14 B plus VLAN tags plus payload/layer overhead plus FCS 4 B; derive effective MTU/MSS and enforce frame limits.","Network engineers validating Ethernet MTU, encapsulation, and frame-size headroom.","REJECT_DUPLICATE","FAIL","EVIDENCED: attached NetEngineerLab_200_Tools_Master_Roadmap_V1.0.json TOOL-001 objective; website/tools/mtu-calculator/index.html describes Ethernet MTU/MSS validation.","EVIDENCED: website/tools/mtu-calculator/js/engine.js calculate() defines MTU, VLAN, layers, IP inputs and wire-frame/MSS outputs.","EVIDENCED: engine.js computes 14-byte Ethernet header + VLAN bytes + payload/layers + 4-byte FCS and frame limit warning.","EVIDENCED: repository source at website/tools/mtu-calculator/js/engine.js and README.md; AUDIT_REPORT.json records syntax checks.","EVIDENCED: deterministic calculate(), compareScenarios(), professionalReport(), and bom() functions expose formulas and assumptions.","EVIDENCED: website/tools/mtu-calculator/docs/AUDIT_REPORT.json reports engine_test PASS and syntax checks PASS.","NETWORK_SPECIFIC_CONFIRMED","EVIDENCED: website/tools/mtu-calculator/index.html FAQ and methodology describe MTU/MSS validation, encapsulation, PMTUD and frame-size constraints.","EVIDENCED: computes wire-frame bytes, effective MTU, MSS, margins, and frame-limit risk.","PENDING","PENDING","EVIDENCED: compareScenarios() and beforeAfter() support repeated design checks.","PENDING","agent-tool001","2026-10-07","Existing mtu-calculator already covers Ethernet overhead within MTU/MSS workflow; reject roadmap duplicate. target_roadmap_id=TOOL-001; survivor_existing_tool_id=mtu-calculator. Gate FAIL is intentional for duplicate admission despite implementation evidence. Cross-site scope is Ethernet/IP networking.","HIGH"
"TOOL-002","Switch Port Capacity Calculator","A1","Core Networking","Ethernet / Switching","CORE","A","P1","CALCULATE,OPTIMIZE","PLANNED","","poe-power-budget-calculator","PENDING","PENDING","PENDING","PENDING","PENDING","PENDING","UNREVIEWED","NOT_STARTED","PENDING","PENDING","PENDING","PENDING","PENDING","PENDING","PENDING","PENDING","PENDING","PENDING","PENDING","PENDING","PENDING","UNASSIGNED","2026-10-07","Lightweight existing-tool mapping hypothesis; duplicate decision and Gate status unchanged.","MEDIUM"
"TOOL-003","Switch Oversubscription Ratio Calculator","A1","Core Networking","Ethernet / Switching","CORE","A","P1","CALCULATE","PLANNED","","switch-uplink-oversubscription-calculator","PENDING","PENDING","PENDING","PENDING","PENDING","PENDING","UNREVIEWED","NOT_STARTED","PENDING","PENDING","PENDING","PENDING","PENDING","PENDING","PENDING","PENDING","PENDING","PENDING","PENDING","PENDING","PENDING","UNASSIGNED","2026-10-07","Lightweight existing-tool mapping hypothesis; duplicate decision and Gate status unchanged.","MEDIUM"
"TOOL-004","Access Switch Uplink Bandwidth Planner","A1","Core Networking","Ethernet / Switching","CORE","A","P1","PLAN","PLANNED","","switch-uplink-oversubscription-calculator","PENDING","PENDING","PENDING","PENDING","PENDING","PENDING","UNREVIEWED","NOT_STARTED","PENDING","PENDING","PENDING","PENDING","PENDING","PENDING","PENDING","PENDING","PENDING","PENDING","PENDING","PENDING","PENDING","UNASSIGNED","2026-10-07","Lightweight existing-tool mapping hypothesis; duplicate decision and Gate status unchanged.","MEDIUM"
"TOOL-005","N-1 Uplink Oversubscription Calculator","A1","Core Networking","Ethernet / Switching","CORE","A","P1","CALCULATE","PLANNED","","","PENDING","PENDING","PENDING","PENDING","PENDING","PENDING","UNREVIEWED","NOT_STARTED","PENDING","PENDING","PENDING","PENDING","PENDING","PENDING","PENDING","PENDING","PENDING","PENDING","PENDING","PENDING","PENDING","UNASSIGNED","2026-10-07","Candidate only; no approval inferred from roadmap.","NO_MATCH"
"TOOL-006","Link Aggregation Capacity Calculator","A1","Core Networking","Ethernet / Switching","CORE","B","P2","CALCULATE,OPTIMIZE","PLANNED","","","PENDING","PENDING","PENDING","PENDING","PENDING","PENDING","UNREVIEWED","NOT_STARTED","PENDING","PENDING","PENDING","PENDING","PENDING","PENDING","PENDING","PENDING","PENDING","PENDING","PENDING","PENDING","PENDING","UNASSIGNED","2026-10-07","Candidate only; no approval inferred from roadmap.","NO_MATCH"
"TOOL-007","LACP Member Failure Capacity Planner","A1","Core Networking","Ethernet / Switching","CORE","B","P2","PLAN,OPTIMIZE","PLANNED","","","PENDING","PENDING","PENDING","PENDING","PENDING","PENDING","UNREVIEWED","NOT_STARTED","PENDING","PENDING","PENDING","PENDING","PENDING","PENDING","PENDING","PENDING","PENDING","PENDING","PENDING","PENDING","PENDING","UNASSIGNED","2026-10-07","Candidate only; no approval inferred from roadmap.","NO_MATCH"
"TOOL-008","VLAN Capacity Planner","A1","Core Networking","Ethernet / Switching","CORE","B","P2","PLAN,OPTIMIZE","PLANNED","","vlan-ip-capacity-planner","PENDING","PENDING","PENDING","PENDING","PENDING","PENDING","UNREVIEWED","NOT_STARTED","PENDING","PENDING","PENDING","PENDING","PENDING","PENDING","PENDING","PENDING","PENDING","PENDING","PENDING","PENDING","PENDING","UNASSIGNED","2026-10-07","Lightweight existing-tool mapping hypothesis; duplicate decision and Gate status unchanged.","MEDIUM"
"TOOL-009","STP Path Cost Calculator","A1","Core Networking","Ethernet / Switching","CORE","B","P2","CALCULATE,OPTIMIZE","PLANNED","","","PENDING","PENDING","PENDING","PENDING","PENDING","PENDING","UNREVIEWED","NOT_STARTED","PENDING","PENDING","PENDING","PENDING","PENDING","PENDING","PENDING","PENDING","PENDING","PENDING","PENDING","PENDING","PENDING","UNASSIGNED","2026-10-07","Candidate only; no approval inferred from roadmap.","NO_MATCH"
"TOOL-010","RSTP Convergence Estimator","A1","Core Networking","Ethernet / Switching","CORE","C","P3","CALCULATE","PLANNED","","","PENDING","PENDING","PENDING","PENDING","PENDING","PENDING","UNREVIEWED","NOT_STARTED","PENDING","PENDING","PENDING","PENDING","PENDING","PENDING","PENDING","PENDING","PENDING","PENDING","PENDING","PENDING","PENDING","UNASSIGNED","2026-10-07","Candidate only; no approval inferred from roadmap.","NO_MATCH"
"TOOL-011","MAC Address Table Capacity Planner","A1","Core Networking","Ethernet / Switching","CORE","C","P3","PLAN,OPTIMIZE","PLANNED","","","PENDING","PENDING","PENDING","PENDING","PENDING","PENDING","UNREVIEWED","NOT_STARTED","PENDING","PENDING","PENDING","PENDING","PENDING","PENDING","PENDING","PENDING","PENDING","PENDING","PENDING","PENDING","PENDING","UNASSIGNED","2026-10-07","Candidate only; no approval inferred from roadmap.","NO_MATCH"
"TOOL-012","Broadcast Domain Size Planner","A1","Core Networking","Ethernet / Switching","CORE","C","P3","PLAN","PLANNED","","","PENDING","PENDING","PENDING","PENDING","PENDING","PENDING","UNREVIEWED","NOT_STARTED","PENDING","PENDING","PENDING","PENDING","PENDING","PENDING","PENDING","PENDING","PENDING","PENDING","PENDING","PENDING","PENDING","UNASSIGNED","2026-10-07","Candidate only; no approval inferred from roadmap.","NO_MATCH"
"TOOL-013","MTU / Jumbo Frame Planner","A1","Core Networking","Ethernet / Switching","CORE","C","P3","PLAN","PLANNED","mtu-calculator","","CP-MTU-JUMBO-001","PENDING","PENDING","PENDING","PENDING","PENDING","REJECT_DUPLICATE","FAIL","EVIDENCED: repository implementation and test artifacts referenced in audit_notes.","EVIDENCED: repository implementation and test artifacts referenced in audit_notes.","EVIDENCED: repository implementation and test artifacts referenced in audit_notes.","EVIDENCED: repository implementation and test artifacts referenced in audit_notes.","EVIDENCED: repository implementation and test artifacts referenced in audit_notes.","EVIDENCED: repository implementation and test artifacts referenced in audit_notes.","NETWORK_SPECIFIC_CONFIRMED","PENDING","PENDING","PENDING","PENDING","PENDING","PENDING","agent-highrisk","2026-10-08","target_existing_tool_id=mtu-calculator; engine.js and AUDIT_REPORT evidence; roadmap MTU/Jumbo scope is covered by existing MTU/MSS calculator.","HIGH"
"TOOL-014","Ethernet Serialization Delay Calculator","A1","Core Networking","Ethernet / Switching","CORE","D","P4","CALCULATE","PLANNED","","","PENDING","PENDING","PENDING","PENDING","PENDING","PENDING","UNREVIEWED","NOT_STARTED","PENDING","PENDING","PENDING","PENDING","PENDING","PENDING","PENDING","PENDING","PENDING","PENDING","PENDING","PENDING","PENDING","UNASSIGNED","2026-10-07","Candidate only; no approval inferred from roadmap.","NO_MATCH"
"TOOL-015","QoS Queue Bandwidth Allocator","A1","Core Networking","Ethernet / Switching","CORE","D","P4","CALCULATE","PLANNED","","","PENDING","PENDING","PENDING","PENDING","PENDING","PENDING","UNREVIEWED","NOT_STARTED","PENDING","PENDING","PENDING","PENDING","PENDING","PENDING","PENDING","PENDING","PENDING","PENDING","PENDING","PENDING","PENDING","UNASSIGNED","2026-10-07","Candidate only; no approval inferred from roadmap.","NO_MATCH"
"TOOL-016","800G / 1.6T Ethernet Lane Planner","A1","Core Networking","Ethernet / Switching","GROWTH","D","P4","PLAN","PLANNED","","","PENDING","PENDING","PENDING","PENDING","PENDING","PENDING","UNREVIEWED","NOT_STARTED","PENDING","PENDING","PENDING","PENDING","PENDING","PENDING","PENDING","PENDING","PENDING","PENDING","PENDING","PENDING","PENDING","UNASSIGNED","2026-10-07","Candidate only; no approval inferred from roadmap.","NO_MATCH"
"TOOL-017","IPv4 Subnet Calculator","A2","Core Networking","IP / Routing / MPLS / SRv6","CORE","A","P1","CALCULATE","PLANNED","subnet-calculator","subnet-calculator","CP-IP-SUBNET-001","PENDING","PENDING","PENDING","PENDING","PENDING","REJECT_DUPLICATE","FAIL","EVIDENCED: repository implementation and test artifacts referenced in audit_notes.","EVIDENCED: repository implementation and test artifacts referenced in audit_notes.","EVIDENCED: repository implementation and test artifacts referenced in audit_notes.","EVIDENCED: repository implementation and test artifacts referenced in audit_notes.","EVIDENCED: repository implementation and test artifacts referenced in audit_notes.","EVIDENCED: repository implementation and test artifacts referenced in audit_notes.","NETWORK_SPECIFIC_CONFIRMED","PENDING","PENDING","PENDING","PENDING","PENDING","PENDING","agent-highrisk","2026-10-08","target_existing_tool_id=subnet-calculator; website/tools/subnet-calculator/js/engine.js and AUDIT_REPORT cover IPv4 subnet calculation.","HIGH"
"TOOL-018","IPv6 Prefix Planner","A2","Core Networking","IP / Routing / MPLS / SRv6","CORE","A","P1","PLAN","PLANNED","","ipv6-nat-planner","PENDING","PENDING","PENDING","PENDING","PENDING","PENDING","UNREVIEWED","NOT_STARTED","PENDING","PENDING","PENDING","PENDING","PENDING","PENDING","PENDING","PENDING","PENDING","PENDING","PENDING","PENDING","PENDING","UNASSIGNED","2026-10-07","Lightweight existing-tool mapping hypothesis; duplicate decision and Gate status unchanged.","MEDIUM"
"TOOL-019","VLSM Address Planner","A2","Core Networking","IP / Routing / MPLS / SRv6","CORE","A","P1","PLAN","PLANNED","","subnet-calculator","PENDING","PENDING","PENDING","PENDING","PENDING","PENDING","UNREVIEWED","NOT_STARTED","PENDING","PENDING","PENDING","PENDING","PENDING","PENDING","PENDING","PENDING","PENDING","PENDING","PENDING","PENDING","PENDING","UNASSIGNED","2026-10-07","Lightweight existing-tool mapping hypothesis; duplicate decision and Gate status unchanged.","MEDIUM"
"TOOL-020","IP Address Utilization Calculator","A2","Core Networking","IP / Routing / MPLS / SRv6","CORE","A","P1","CALCULATE,OPTIMIZE","PLANNED","","vlan-ip-capacity-planner","PENDING","PENDING","PENDING","PENDING","PENDING","PENDING","UNREVIEWED","NOT_STARTED","PENDING","PENDING","PENDING","PENDING","PENDING","PENDING","PENDING","PENDING","PENDING","PENDING","PENDING","PENDING","PENDING","UNASSIGNED","2026-10-07","Lightweight existing-tool mapping hypothesis; duplicate decision and Gate status unchanged.","MEDIUM"
"TOOL-021","OSPF Cost Calculator","A2","Core Networking","IP / Routing / MPLS / SRv6","CORE","A","P1","CALCULATE,OPTIMIZE","PLANNED","ospf-cost-calculator","ospf-cost-calculator","CP-OSPF-COST-001","PENDING","PENDING","PENDING","PENDING","PENDING","REJECT_DUPLICATE","FAIL","EVIDENCED: repository implementation and test artifacts referenced in audit_notes.","EVIDENCED: repository implementation and test artifacts referenced in audit_notes.","EVIDENCED: repository implementation and test artifacts referenced in audit_notes.","EVIDENCED: repository implementation and test artifacts referenced in audit_notes.","EVIDENCED: repository implementation and test artifacts referenced in audit_notes.","EVIDENCED: repository implementation and test artifacts referenced in audit_notes.","NETWORK_SPECIFIC_CONFIRMED","PENDING","PENDING","PENDING","PENDING","PENDING","PENDING","agent-highrisk","2026-10-08","target_existing_tool_id=ospf-cost-calculator; engine.js and ENGINEERING_METHOD.md implement OSPF cost formula and tests.","HIGH"
"TOOL-022","OSPF Area Capacity Planner","A2","Core Networking","IP / Routing / MPLS / SRv6","CORE","B","P2","PLAN,OPTIMIZE","PLANNED","","","PENDING","PENDING","PENDING","PENDING","PENDING","PENDING","UNREVIEWED","NOT_STARTED","PENDING","PENDING","PENDING","PENDING","PENDING","PENDING","PENDING","PENDING","PENDING","PENDING","PENDING","PENDING","PENDING","UNASSIGNED","2026-10-07","Candidate only; no approval inferred from roadmap.","NO_MATCH"
"TOOL-023","IS-IS Metric Planner","A2","Core Networking","IP / Routing / MPLS / SRv6","CORE","B","P2","PLAN","PLANNED","","","PENDING","PENDING","PENDING","PENDING","PENDING","PENDING","UNREVIEWED","NOT_STARTED","PENDING","PENDING","PENDING","PENDING","PENDING","PENDING","PENDING","PENDING","PENDING","PENDING","PENDING","PENDING","PENDING","UNASSIGNED","2026-10-07","Candidate only; no approval inferred from roadmap.","NO_MATCH"
"TOOL-024","BGP Best-Path Decision Explorer","A2","Core Networking","IP / Routing / MPLS / SRv6","CORE","B","P2","CALCULATE","PLANNED","","","PENDING","PENDING","PENDING","PENDING","PENDING","PENDING","UNREVIEWED","NOT_STARTED","PENDING","PENDING","PENDING","PENDING","PENDING","PENDING","PENDING","PENDING","PENDING","PENDING","PENDING","PENDING","PENDING","UNASSIGNED","2026-10-07","Candidate only; no approval inferred from roadmap.","NO_MATCH"
"TOOL-025","BGP Session Scale Planner","A2","Core Networking","IP / Routing / MPLS / SRv6","CORE","B","P2","PLAN","PLANNED","","","PENDING","PENDING","PENDING","PENDING","PENDING","PENDING","UNREVIEWED","NOT_STARTED","PENDING","PENDING","PENDING","PENDING","PENDING","PENDING","PENDING","PENDING","PENDING","PENDING","PENDING","PENDING","PENDING","UNASSIGNED","2026-10-07","Candidate only; no approval inferred from roadmap.","NO_MATCH"
"TOOL-026","BGP Route Table Capacity Estimator","A2","Core Networking","IP / Routing / MPLS / SRv6","CORE","B","P2","CALCULATE,OPTIMIZE","PLANNED","","","PENDING","PENDING","PENDING","PENDING","PENDING","PENDING","UNREVIEWED","NOT_STARTED","PENDING","PENDING","PENDING","PENDING","PENDING","PENDING","PENDING","PENDING","PENDING","PENDING","PENDING","PENDING","PENDING","UNASSIGNED","2026-10-07","Candidate only; no approval inferred from roadmap.","NO_MATCH"
"TOOL-027","BGP Community Policy Builder","A2","Core Networking","IP / Routing / MPLS / SRv6","CORE","C","P3","PLAN","PLANNED","","","PENDING","PENDING","PENDING","PENDING","PENDING","PENDING","UNREVIEWED","NOT_STARTED","PENDING","PENDING","PENDING","PENDING","PENDING","PENDING","PENDING","PENDING","PENDING","PENDING","PENDING","PENDING","PENDING","UNASSIGNED","2026-10-07","Candidate only; no approval inferred from roadmap.","NO_MATCH"
"TOOL-028","MPLS Label Stack Overhead Calculator","A2","Core Networking","IP / Routing / MPLS / SRv6","CORE","C","P3","CALCULATE","PLANNED","","","PENDING","PENDING","PENDING","PENDING","PENDING","PENDING","UNREVIEWED","NOT_STARTED","PENDING","PENDING","PENDING","PENDING","PENDING","PENDING","PENDING","PENDING","PENDING","PENDING","PENDING","PENDING","PENDING","UNASSIGNED","2026-10-07","Candidate only; no approval inferred from roadmap.","NO_MATCH"
"TOOL-029","MPLS LSP Capacity Planner","A2","Core Networking","IP / Routing / MPLS / SRv6","CORE","C","P3","PLAN,OPTIMIZE","PLANNED","","","PENDING","PENDING","PENDING","PENDING","PENDING","PENDING","UNREVIEWED","NOT_STARTED","PENDING","PENDING","PENDING","PENDING","PENDING","PENDING","PENDING","PENDING","PENDING","PENDING","PENDING","PENDING","PENDING","UNASSIGNED","2026-10-07","Candidate only; no approval inferred from roadmap.","NO_MATCH"
"TOOL-030","Traffic Engineering Path Calculator","A2","Core Networking","IP / Routing / MPLS / SRv6","CORE","C","P3","CALCULATE","PLANNED","","","PENDING","PENDING","PENDING","PENDING","PENDING","PENDING","UNREVIEWED","NOT_STARTED","PENDING","PENDING","PENDING","PENDING","PENDING","PENDING","PENDING","PENDING","PENDING","PENDING","PENDING","PENDING","PENDING","UNASSIGNED","2026-10-07","Candidate only; no approval inferred from roadmap.","NO_MATCH"
"TOOL-031","ECMP Path Capacity Planner","A2","Core Networking","IP / Routing / MPLS / SRv6","CORE","D","P4","PLAN,OPTIMIZE","PLANNED","","","PENDING","PENDING","PENDING","PENDING","PENDING","PENDING","UNREVIEWED","NOT_STARTED","PENDING","PENDING","PENDING","PENDING","PENDING","PENDING","PENDING","PENDING","PENDING","PENDING","PENDING","PENDING","PENDING","UNASSIGNED","2026-10-07","Candidate only; no approval inferred from roadmap.","NO_MATCH"
"TOOL-032","SR-MPLS SID Stack Calculator","A2","Core Networking","IP / Routing / MPLS / SRv6","CORE","D","P4","CALCULATE","PLANNED","","","PENDING","PENDING","PENDING","PENDING","PENDING","PENDING","UNREVIEWED","NOT_STARTED","PENDING","PENDING","PENDING","PENDING","PENDING","PENDING","PENDING","PENDING","PENDING","PENDING","PENDING","PENDING","PENDING","UNASSIGNED","2026-10-07","Candidate only; no approval inferred from roadmap.","NO_MATCH"
"TOOL-033","SRv6 SID Planner","A2","Core Networking","IP / Routing / MPLS / SRv6","CORE","D","P4","PLAN","PLANNED","","","PENDING","PENDING","PENDING","PENDING","PENDING","PENDING","UNREVIEWED","NOT_STARTED","PENDING","PENDING","PENDING","PENDING","PENDING","PENDING","PENDING","PENDING","PENDING","PENDING","PENDING","PENDING","PENDING","UNASSIGNED","2026-10-07","Candidate only; no approval inferred from roadmap.","NO_MATCH"
"TOOL-034","SRv6 Header Overhead Calculator","A2","Core Networking","IP / Routing / MPLS / SRv6","CORE","D","P4","CALCULATE","PLANNED","","","PENDING","PENDING","PENDING","PENDING","PENDING","PENDING","UNREVIEWED","NOT_STARTED","PENDING","PENDING","PENDING","PENDING","PENDING","PENDING","PENDING","PENDING","PENDING","PENDING","PENDING","PENDING","PENDING","UNASSIGNED","2026-10-07","Candidate only; no approval inferred from roadmap.","NO_MATCH"
"TOOL-035","WAN Bandwidth Sizing Calculator","A3","Core Networking","WAN / SD-WAN / SASE","CORE","A","P1","CALCULATE","PLANNED","","bandwidth-calculator","PENDING","PENDING","PENDING","PENDING","PENDING","PENDING","UNREVIEWED","NOT_STARTED","PENDING","PENDING","PENDING","PENDING","PENDING","PENDING","PENDING","PENDING","PENDING","PENDING","PENDING","PENDING","PENDING","UNASSIGNED","2026-10-07","Lightweight existing-tool mapping hypothesis; duplicate decision and Gate status unchanged.","MEDIUM"
"TOOL-036","Branch WAN Capacity Planner","A3","Core Networking","WAN / SD-WAN / SASE","CORE","A","P1","PLAN,OPTIMIZE","PLANNED","","","PENDING","PENDING","PENDING","PENDING","PENDING","PENDING","UNREVIEWED","NOT_STARTED","PENDING","PENDING","PENDING","PENDING","PENDING","PENDING","PENDING","PENDING","PENDING","PENDING","PENDING","PENDING","PENDING","UNASSIGNED","2026-10-07","Candidate only; no approval inferred from roadmap.","NO_MATCH"
"TOOL-037","Dual-WAN Load Sharing Calculator","A3","Core Networking","WAN / SD-WAN / SASE","CORE","A","P1","CALCULATE","PLANNED","","","PENDING","PENDING","PENDING","PENDING","PENDING","PENDING","UNREVIEWED","NOT_STARTED","PENDING","PENDING","PENDING","PENDING","PENDING","PENDING","PENDING","PENDING","PENDING","PENDING","PENDING","PENDING","PENDING","UNASSIGNED","2026-10-07","Candidate only; no approval inferred from roadmap.","NO_MATCH"
"TOOL-038","WAN Failover Capacity Planner","A3","Core Networking","WAN / SD-WAN / SASE","CORE","B","P2","PLAN,OPTIMIZE","PLANNED","","","PENDING","PENDING","PENDING","PENDING","PENDING","PENDING","UNREVIEWED","NOT_STARTED","PENDING","PENDING","PENDING","PENDING","PENDING","PENDING","PENDING","PENDING","PENDING","PENDING","PENDING","PENDING","PENDING","UNASSIGNED","2026-10-07","Candidate only; no approval inferred from roadmap.","NO_MATCH"
"TOOL-039","SD-WAN SLA Policy Planner","A3","Core Networking","WAN / SD-WAN / SASE","CORE","B","P2","PLAN,OPTIMIZE","PLANNED","","","PENDING","PENDING","PENDING","PENDING","PENDING","PENDING","UNREVIEWED","NOT_STARTED","PENDING","PENDING","PENDING","PENDING","PENDING","PENDING","PENDING","PENDING","PENDING","PENDING","PENDING","PENDING","PENDING","UNASSIGNED","2026-10-07","Candidate only; no approval inferred from roadmap.","NO_MATCH"
"TOOL-040","Application-Aware Path Selector","A3","Core Networking","WAN / SD-WAN / SASE","CORE","B","P2","PLAN","PLANNED","","","PENDING","PENDING","PENDING","PENDING","PENDING","PENDING","UNREVIEWED","NOT_STARTED","PENDING","PENDING","PENDING","PENDING","PENDING","PENDING","PENDING","PENDING","PENDING","PENDING","PENDING","PENDING","PENDING","UNASSIGNED","2026-10-07","Candidate only; no approval inferred from roadmap.","NO_MATCH"
"TOOL-041","WAN Latency Budget Calculator","A3","Core Networking","WAN / SD-WAN / SASE","CORE","C","P3","CALCULATE","PLANNED","","","PENDING","PENDING","PENDING","PENDING","PENDING","PENDING","UNREVIEWED","NOT_STARTED","PENDING","PENDING","PENDING","PENDING","PENDING","PENDING","PENDING","PENDING","PENDING","PENDING","PENDING","PENDING","PENDING","UNASSIGNED","2026-10-07","Candidate only; no approval inferred from roadmap.","NO_MATCH"
"TOOL-042","WAN Packet Loss Impact Estimator","A3","Core Networking","WAN / SD-WAN / SASE","CORE","C","P3","CALCULATE","PLANNED","","","PENDING","PENDING","PENDING","PENDING","PENDING","PENDING","UNREVIEWED","NOT_STARTED","PENDING","PENDING","PENDING","PENDING","PENDING","PENDING","PENDING","PENDING","PENDING","PENDING","PENDING","PENDING","PENDING","UNASSIGNED","2026-10-07","Candidate only; no approval inferred from roadmap.","NO_MATCH"
"TOOL-043","SASE Edge Placement Planner","A3","Core Networking","WAN / SD-WAN / SASE","CORE","D","P4","PLAN,DESIGN","PLANNED","","","PENDING","PENDING","PENDING","PENDING","PENDING","PENDING","UNREVIEWED","NOT_STARTED","PENDING","PENDING","PENDING","PENDING","PENDING","PENDING","PENDING","PENDING","PENDING","PENDING","PENDING","PENDING","PENDING","UNASSIGNED","2026-10-07","Candidate only; no approval inferred from roadmap.","NO_MATCH"
"TOOL-044","WAN Circuit Cost Comparator","A3","Core Networking","WAN / SD-WAN / SASE","CORE","D","P4","OPTIMIZE","PLANNED","","","PENDING","PENDING","PENDING","PENDING","PENDING","PENDING","UNREVIEWED","NOT_STARTED","PENDING","PENDING","PENDING","PENDING","PENDING","PENDING","PENDING","PENDING","PENDING","PENDING","PENDING","PENDING","PENDING","UNASSIGNED","2026-10-07","Candidate only; no approval inferred from roadmap.","NO_MATCH"
"TOOL-045","DNS TTL Planner","A4","Core Networking","Internet / DNS / CDN / Interconnection","CORE","A","P1","PLAN","PLANNED","dns-ttl-propagation-calculator","dns-ttl-propagation-calculator","CP-DNS-TTL-001","PENDING","PENDING","PENDING","PENDING","PENDING","REJECT_DUPLICATE","FAIL","EVIDENCED: repository implementation and test artifacts referenced in audit_notes.","EVIDENCED: repository implementation and test artifacts referenced in audit_notes.","EVIDENCED: repository implementation and test artifacts referenced in audit_notes.","EVIDENCED: repository implementation and test artifacts referenced in audit_notes.","EVIDENCED: repository implementation and test artifacts referenced in audit_notes.","EVIDENCED: repository implementation and test artifacts referenced in audit_notes.","NETWORK_SPECIFIC_CONFIRMED","PENDING","PENDING","PENDING","PENDING","PENDING","PENDING","agent-highrisk","2026-10-08","target_existing_tool_id=dns-ttl-propagation-calculator; engine.js and CALCULATION_TESTS cover TTL propagation planning.","HIGH"
"TOOL-046","DNS Query Capacity Estimator","A4","Core Networking","Internet / DNS / CDN / Interconnection","CORE","A","P1","CALCULATE,OPTIMIZE","PLANNED","","","PENDING","PENDING","PENDING","PENDING","PENDING","PENDING","UNREVIEWED","NOT_STARTED","PENDING","PENDING","PENDING","PENDING","PENDING","PENDING","PENDING","PENDING","PENDING","PENDING","PENDING","PENDING","PENDING","UNASSIGNED","2026-10-07","Candidate only; no approval inferred from roadmap.","NO_MATCH"
"TOOL-047","DHCP Scope Capacity Calculator","A4","Core Networking","Internet / DNS / CDN / Interconnection","CORE","B","P2","CALCULATE,OPTIMIZE","PLANNED","","","PENDING","PENDING","PENDING","PENDING","PENDING","PENDING","UNREVIEWED","NOT_STARTED","PENDING","PENDING","PENDING","PENDING","PENDING","PENDING","PENDING","PENDING","PENDING","PENDING","PENDING","PENDING","PENDING","UNASSIGNED","2026-10-07","Candidate only; no approval inferred from roadmap.","NO_MATCH"
"TOOL-048","IPAM Utilization Planner","A4","Core Networking","Internet / DNS / CDN / Interconnection","CORE","B","P2","PLAN,OPTIMIZE","PLANNED","","","PENDING","PENDING","PENDING","PENDING","PENDING","PENDING","UNREVIEWED","NOT_STARTED","PENDING","PENDING","PENDING","PENDING","PENDING","PENDING","PENDING","PENDING","PENDING","PENDING","PENDING","PENDING","PENDING","UNASSIGNED","2026-10-07","Candidate only; no approval inferred from roadmap.","NO_MATCH"
"TOOL-049","Anycast Node Placement Estimator","A4","Core Networking","Internet / DNS / CDN / Interconnection","CORE","B","P2","CALCULATE,DESIGN","PLANNED","","","PENDING","PENDING","PENDING","PENDING","PENDING","PENDING","UNREVIEWED","NOT_STARTED","PENDING","PENDING","PENDING","PENDING","PENDING","PENDING","PENDING","PENDING","PENDING","PENDING","PENDING","PENDING","PENDING","UNASSIGNED","2026-10-07","Candidate only; no approval inferred from roadmap.","NO_MATCH"
"TOOL-050","CDN Cache Offload Calculator","A4","Core Networking","Internet / DNS / CDN / Interconnection","CORE","C","P3","CALCULATE","PLANNED","","","PENDING","PENDING","PENDING","PENDING","PENDING","PENDING","UNREVIEWED","NOT_STARTED","PENDING","PENDING","PENDING","PENDING","PENDING","PENDING","PENDING","PENDING","PENDING","PENDING","PENDING","PENDING","PENDING","UNASSIGNED","2026-10-07","Candidate only; no approval inferred from roadmap.","NO_MATCH"
"TOOL-051","CDN Origin Bandwidth Estimator","A4","Core Networking","Internet / DNS / CDN / Interconnection","CORE","C","P3","CALCULATE","PLANNED","","","PENDING","PENDING","PENDING","PENDING","PENDING","PENDING","UNREVIEWED","NOT_STARTED","PENDING","PENDING","PENDING","PENDING","PENDING","PENDING","PENDING","PENDING","PENDING","PENDING","PENDING","PENDING","PENDING","UNASSIGNED","2026-10-07","Candidate only; no approval inferred from roadmap.","NO_MATCH"
"TOOL-052","IX / Peering Port Capacity Planner","A4","Core Networking","Internet / DNS / CDN / Interconnection","CORE","D","P4","PLAN,OPTIMIZE","PLANNED","","","PENDING","PENDING","PENDING","PENDING","PENDING","PENDING","UNREVIEWED","NOT_STARTED","PENDING","PENDING","PENDING","PENDING","PENDING","PENDING","PENDING","PENDING","PENDING","PENDING","PENDING","PENDING","PENDING","UNASSIGNED","2026-10-07","Candidate only; no approval inferred from roadmap.","NO_MATCH"
"TOOL-053","Transit vs Peering Cost Calculator","A4","Core Networking","Internet / DNS / CDN / Interconnection","CORE","D","P4","CALCULATE,OPTIMIZE","PLANNED","","","PENDING","PENDING","PENDING","PENDING","PENDING","PENDING","UNREVIEWED","NOT_STARTED","PENDING","PENDING","PENDING","PENDING","PENDING","PENDING","PENDING","PENDING","PENDING","PENDING","PENDING","PENDING","PENDING","UNASSIGNED","2026-10-07","Candidate only; no approval inferred from roadmap.","NO_MATCH"
"TOOL-054","GPON Optical Power Budget Calculator","B1","Access & Transport","PON / FTTx / Access","CORE","A","P1","CALCULATE","PLANNED","optical-power-budget","optical-power-budget","CP-PON-OPTICAL-BUDGET-001","PENDING","PENDING","PENDING","PENDING","PENDING","REJECT_DUPLICATE","FAIL","EVIDENCED: repository implementation and test artifacts referenced in audit_notes.","EVIDENCED: repository implementation and test artifacts referenced in audit_notes.","EVIDENCED: repository implementation and test artifacts referenced in audit_notes.","EVIDENCED: repository implementation and test artifacts referenced in audit_notes.","EVIDENCED: repository implementation and test artifacts referenced in audit_notes.","EVIDENCED: repository implementation and test artifacts referenced in audit_notes.","NETWORK_SPECIFIC_CONFIRMED","PENDING","PENDING","PENDING","PENDING","PENDING","PENDING","agent-highrisk","2026-10-08","target_existing_tool_id=optical-power-budget; engine.js, STANDARDS_BASIS.md and AUDIT_REPORT cover optical power budget. GPON-specific candidate remains separate pending review.","HIGH"
"TOOL-055","XGS-PON Optical Power Budget Calculator","B1","Access & Transport","PON / FTTx / Access","CORE","A","P1","CALCULATE","PLANNED","","optical-power-budget","PENDING","PENDING","PENDING","PENDING","PENDING","PENDING","UNREVIEWED","NOT_STARTED","PENDING","PENDING","PENDING","PENDING","PENDING","PENDING","PENDING","PENDING","PENDING","PENDING","PENDING","PENDING","PENDING","UNASSIGNED","2026-10-07","Lightweight existing-tool mapping hypothesis; duplicate decision and Gate status unchanged.","MEDIUM"
"TOOL-056","PON Splitter Loss Calculator","B1","Access & Transport","PON / FTTx / Access","CORE","A","P1","CALCULATE","PLANNED","pon-splitter-loss","pon-splitter-loss","CP-PON-SPLITTER-LOSS-001","PENDING","PENDING","PENDING","PENDING","PENDING","REJECT_DUPLICATE","FAIL","EVIDENCED: repository implementation and test artifacts referenced in audit_notes.","EVIDENCED: repository implementation and test artifacts referenced in audit_notes.","EVIDENCED: repository implementation and test artifacts referenced in audit_notes.","EVIDENCED: repository implementation and test artifacts referenced in audit_notes.","EVIDENCED: repository implementation and test artifacts referenced in audit_notes.","EVIDENCED: repository implementation and test artifacts referenced in audit_notes.","NETWORK_SPECIFIC_CONFIRMED","PENDING","PENDING","PENDING","PENDING","PENDING","PENDING","agent-highrisk","2026-10-08","target_existing_tool_id=pon-splitter-loss; engine.js, STANDARDS_BASIS.md and audit artifacts cover splitter loss.","HIGH"
"TOOL-057","PON Split Ratio Planner","B1","Access & Transport","PON / FTTx / Access","CORE","A","P1","PLAN","PLANNED","","pon-splitter-loss","PENDING","PENDING","PENDING","PENDING","PENDING","PENDING","UNREVIEWED","NOT_STARTED","PENDING","PENDING","PENDING","PENDING","PENDING","PENDING","PENDING","PENDING","PENDING","PENDING","PENDING","PENDING","PENDING","UNASSIGNED","2026-10-07","Lightweight existing-tool mapping hypothesis; duplicate decision and Gate status unchanged.","MEDIUM"
"TOOL-058","OLT PON Port Capacity Planner","B1","Access & Transport","PON / FTTx / Access","CORE","B","P2","PLAN,OPTIMIZE","PLANNED","","","PENDING","PENDING","PENDING","PENDING","PENDING","PENDING","UNREVIEWED","NOT_STARTED","PENDING","PENDING","PENDING","PENDING","PENDING","PENDING","PENDING","PENDING","PENDING","PENDING","PENDING","PENDING","PENDING","UNASSIGNED","2026-10-07","Candidate only; no approval inferred from roadmap.","NO_MATCH"
"TOOL-059","OLT Subscriber Capacity Planner","B1","Access & Transport","PON / FTTx / Access","CORE","B","P2","PLAN,OPTIMIZE","PLANNED","","","PENDING","PENDING","PENDING","PENDING","PENDING","PENDING","UNREVIEWED","NOT_STARTED","PENDING","PENDING","PENDING","PENDING","PENDING","PENDING","PENDING","PENDING","PENDING","PENDING","PENDING","PENDING","PENDING","UNASSIGNED","2026-10-07","Candidate only; no approval inferred from roadmap.","NO_MATCH"
"TOOL-060","OLT Uplink Bandwidth Planner","B1","Access & Transport","PON / FTTx / Access","CORE","B","P2","PLAN","PLANNED","","olt-dual-uplink-transport-mse-planner","PENDING","PENDING","PENDING","PENDING","PENDING","PENDING","UNREVIEWED","NOT_STARTED","PENDING","PENDING","PENDING","PENDING","PENDING","PENDING","PENDING","PENDING","PENDING","PENDING","PENDING","PENDING","PENDING","UNASSIGNED","2026-10-07","Lightweight existing-tool mapping hypothesis; duplicate decision and Gate status unchanged.","MEDIUM"
"TOOL-061","OLT Dual-Uplink Redundancy Planner","B1","Access & Transport","PON / FTTx / Access","CORE","C","P3","PLAN","PLANNED","","olt-dual-uplink-transport-mse-planner","PENDING","PENDING","PENDING","PENDING","PENDING","PENDING","UNREVIEWED","NOT_STARTED","PENDING","PENDING","PENDING","PENDING","PENDING","PENDING","PENDING","PENDING","PENDING","PENDING","PENDING","PENDING","PENDING","UNASSIGNED","2026-10-07","Lightweight existing-tool mapping hypothesis; duplicate decision and Gate status unchanged.","MEDIUM"
"TOOL-062","ODN Loss Budget Planner","B1","Access & Transport","PON / FTTx / Access","CORE","C","P3","PLAN","PLANNED","","odf-odn-resource-planner","PENDING","PENDING","PENDING","PENDING","PENDING","PENDING","UNREVIEWED","NOT_STARTED","PENDING","PENDING","PENDING","PENDING","PENDING","PENDING","PENDING","PENDING","PENDING","PENDING","PENDING","PENDING","PENDING","UNASSIGNED","2026-10-07","Lightweight existing-tool mapping hypothesis; duplicate decision and Gate status unchanged.","MEDIUM"
"TOOL-063","ONU Receive Power Checker","B1","Access & Transport","PON / FTTx / Access","CORE","C","P3","CALCULATE","PLANNED","onu-rx-power","onu-rx-power","CP-PON-ONU-RX-001","PENDING","PENDING","PENDING","PENDING","PENDING","REJECT_DUPLICATE","FAIL","EVIDENCED: repository implementation and test artifacts referenced in audit_notes.","EVIDENCED: repository implementation and test artifacts referenced in audit_notes.","EVIDENCED: repository implementation and test artifacts referenced in audit_notes.","EVIDENCED: repository implementation and test artifacts referenced in audit_notes.","EVIDENCED: repository implementation and test artifacts referenced in audit_notes.","EVIDENCED: repository implementation and test artifacts referenced in audit_notes.","NETWORK_SPECIFIC_CONFIRMED","PENDING","PENDING","PENDING","PENDING","PENDING","PENDING","agent-highrisk","2026-10-08","target_existing_tool_id=onu-rx-power; engine.js and CALCULATION_TESTS cover ONU receive power diagnosis.","HIGH"
"TOOL-064","PON Distance Margin Calculator","B1","Access & Transport","PON / FTTx / Access","CORE","D","P4","CALCULATE","PLANNED","pon-distance","pon-distance","CP-PON-DISTANCE-001","PENDING","PENDING","PENDING","PENDING","PENDING","REJECT_DUPLICATE","FAIL","EVIDENCED: repository implementation and test artifacts referenced in audit_notes.","EVIDENCED: repository implementation and test artifacts referenced in audit_notes.","EVIDENCED: repository implementation and test artifacts referenced in audit_notes.","EVIDENCED: repository implementation and test artifacts referenced in audit_notes.","EVIDENCED: repository implementation and test artifacts referenced in audit_notes.","EVIDENCED: repository implementation and test artifacts referenced in audit_notes.","NETWORK_SPECIFIC_CONFIRMED","PENDING","PENDING","PENDING","PENDING","PENDING","PENDING","agent-highrisk","2026-10-08","target_existing_tool_id=pon-distance; engine.js and CALCULATION_TESTS cover PON distance margin.","HIGH"
"TOOL-065","PON Expansion Capacity Planner","B1","Access & Transport","PON / FTTx / Access","CORE","D","P4","PLAN,OPTIMIZE","PLANNED","","odf-odn-resource-planner","PENDING","PENDING","PENDING","PENDING","PENDING","PENDING","UNREVIEWED","NOT_STARTED","PENDING","PENDING","PENDING","PENDING","PENDING","PENDING","PENDING","PENDING","PENDING","PENDING","PENDING","PENDING","PENDING","UNASSIGNED","2026-10-07","Lightweight existing-tool mapping hypothesis; duplicate decision and Gate status unchanged.","MEDIUM"
"TOOL-066","FTTx Take-Rate Capacity Forecast","B1","Access & Transport","PON / FTTx / Access","CORE","D","P4","OPTIMIZE","PLANNED","","","PENDING","PENDING","PENDING","PENDING","PENDING","PENDING","UNREVIEWED","NOT_STARTED","PENDING","PENDING","PENDING","PENDING","PENDING","PENDING","PENDING","PENDING","PENDING","PENDING","PENDING","PENDING","PENDING","UNASSIGNED","2026-10-07","Candidate only; no approval inferred from roadmap.","NO_MATCH"
"TOOL-067","Fiber Link Loss Calculator","B2","Access & Transport","Optical & Transport","CORE","A","P1","CALCULATE","PLANNED","","fiber-loss","PENDING","PENDING","PENDING","PENDING","PENDING","PENDING","UNREVIEWED","NOT_STARTED","PENDING","PENDING","PENDING","PENDING","PENDING","PENDING","PENDING","PENDING","PENDING","PENDING","PENDING","PENDING","PENDING","UNASSIGNED","2026-10-07","Lightweight existing-tool mapping hypothesis; duplicate decision and Gate status unchanged.","MEDIUM"
"TOOL-068","Connector / Splice Loss Budget Calculator","B2","Access & Transport","Optical & Transport","CORE","A","P1","CALCULATE","PLANNED","","","PENDING","PENDING","PENDING","PENDING","PENDING","PENDING","UNREVIEWED","NOT_STARTED","PENDING","PENDING","PENDING","PENDING","PENDING","PENDING","PENDING","PENDING","PENDING","PENDING","PENDING","PENDING","PENDING","UNASSIGNED","2026-10-07","Candidate only; no approval inferred from roadmap.","NO_MATCH"
"TOOL-069","Optical Margin Calculator","B2","Access & Transport","Optical & Transport","CORE","A","P1","CALCULATE","PLANNED","","","PENDING","PENDING","PENDING","PENDING","PENDING","PENDING","UNREVIEWED","NOT_STARTED","PENDING","PENDING","PENDING","PENDING","PENDING","PENDING","PENDING","PENDING","PENDING","PENDING","PENDING","PENDING","PENDING","UNASSIGNED","2026-10-07","Candidate only; no approval inferred from roadmap.","NO_MATCH"
"TOOL-070","OSNR Budget Calculator","B2","Access & Transport","Optical & Transport","CORE","A","P1","CALCULATE","PLANNED","","","PENDING","PENDING","PENDING","PENDING","PENDING","PENDING","UNREVIEWED","NOT_STARTED","PENDING","PENDING","PENDING","PENDING","PENDING","PENDING","PENDING","PENDING","PENDING","PENDING","PENDING","PENDING","PENDING","UNASSIGNED","2026-10-07","Candidate only; no approval inferred from roadmap.","NO_MATCH"
"TOOL-071","Chromatic Dispersion Calculator","B2","Access & Transport","Optical & Transport","CORE","B","P2","CALCULATE","PLANNED","","","PENDING","PENDING","PENDING","PENDING","PENDING","PENDING","UNREVIEWED","NOT_STARTED","PENDING","PENDING","PENDING","PENDING","PENDING","PENDING","PENDING","PENDING","PENDING","PENDING","PENDING","PENDING","PENDING","UNASSIGNED","2026-10-07","Candidate only; no approval inferred from roadmap.","NO_MATCH"
"TOOL-072","PMD Budget Calculator","B2","Access & Transport","Optical & Transport","CORE","B","P2","CALCULATE","PLANNED","","","PENDING","PENDING","PENDING","PENDING","PENDING","PENDING","UNREVIEWED","NOT_STARTED","PENDING","PENDING","PENDING","PENDING","PENDING","PENDING","PENDING","PENDING","PENDING","PENDING","PENDING","PENDING","PENDING","UNASSIGNED","2026-10-07","Candidate only; no approval inferred from roadmap.","NO_MATCH"
"TOOL-073","DWDM Channel Capacity Planner","B2","Access & Transport","Optical & Transport","CORE","B","P2","PLAN,OPTIMIZE","PLANNED","","","PENDING","PENDING","PENDING","PENDING","PENDING","PENDING","UNREVIEWED","NOT_STARTED","PENDING","PENDING","PENDING","PENDING","PENDING","PENDING","PENDING","PENDING","PENDING","PENDING","PENDING","PENDING","PENDING","UNASSIGNED","2026-10-07","Candidate only; no approval inferred from roadmap.","NO_MATCH"
"TOOL-074","DWDM Wavelength Assignment Planner","B2","Access & Transport","Optical & Transport","CORE","C","P3","PLAN","PLANNED","","","PENDING","PENDING","PENDING","PENDING","PENDING","PENDING","UNREVIEWED","NOT_STARTED","PENDING","PENDING","PENDING","PENDING","PENDING","PENDING","PENDING","PENDING","PENDING","PENDING","PENDING","PENDING","PENDING","UNASSIGNED","2026-10-07","Candidate only; no approval inferred from roadmap.","NO_MATCH"
"TOOL-075","OTN Payload Mapping Calculator","B2","Access & Transport","Optical & Transport","CORE","C","P3","CALCULATE","PLANNED","","","PENDING","PENDING","PENDING","PENDING","PENDING","PENDING","UNREVIEWED","NOT_STARTED","PENDING","PENDING","PENDING","PENDING","PENDING","PENDING","PENDING","PENDING","PENDING","PENDING","PENDING","PENDING","PENDING","UNASSIGNED","2026-10-07","Candidate only; no approval inferred from roadmap.","NO_MATCH"
"TOOL-076","OTN Link Capacity Planner","B2","Access & Transport","Optical & Transport","CORE","C","P3","PLAN,OPTIMIZE","PLANNED","","","PENDING","PENDING","PENDING","PENDING","PENDING","PENDING","UNREVIEWED","NOT_STARTED","PENDING","PENDING","PENDING","PENDING","PENDING","PENDING","PENDING","PENDING","PENDING","PENDING","PENDING","PENDING","PENDING","UNASSIGNED","2026-10-07","Candidate only; no approval inferred from roadmap.","NO_MATCH"
"TOOL-077","Transport Ring Capacity Planner","B2","Access & Transport","Optical & Transport","CORE","D","P4","PLAN,OPTIMIZE","PLANNED","","transmission-ring-optimization-risk-analyzer","PENDING","PENDING","PENDING","PENDING","PENDING","PENDING","UNREVIEWED","NOT_STARTED","PENDING","PENDING","PENDING","PENDING","PENDING","PENDING","PENDING","PENDING","PENDING","PENDING","PENDING","PENDING","PENDING","UNASSIGNED","2026-10-07","Lightweight existing-tool mapping hypothesis; duplicate decision and Gate status unchanged.","MEDIUM"
"TOOL-078","Protection Switching Capacity Planner","B2","Access & Transport","Optical & Transport","CORE","D","P4","PLAN,OPTIMIZE","PLANNED","","transmission-ring-optimization-risk-analyzer","PENDING","PENDING","PENDING","PENDING","PENDING","PENDING","UNREVIEWED","NOT_STARTED","PENDING","PENDING","PENDING","PENDING","PENDING","PENDING","PENDING","PENDING","PENDING","PENDING","PENDING","PENDING","PENDING","UNASSIGNED","2026-10-07","Lightweight existing-tool mapping hypothesis; duplicate decision and Gate status unchanged.","MEDIUM"
"TOOL-079","CPO vs Pluggable Optical Power Estimator","B2","Access & Transport","Optical & Transport","GROWTH","D","P4","CALCULATE","PLANNED","","","PENDING","PENDING","PENDING","PENDING","PENDING","PENDING","UNREVIEWED","NOT_STARTED","PENDING","PENDING","PENDING","PENDING","PENDING","PENDING","PENDING","PENDING","PENDING","PENDING","PENDING","PENDING","PENDING","UNASSIGNED","2026-10-07","Candidate only; no approval inferred from roadmap.","NO_MATCH"
"TOOL-080","RF Free-Space Path Loss Calculator","B3","Access & Transport","Wireless / RAN","CORE","A","P1","CALCULATE","PLANNED","","wireless-link-budget-calculator","PENDING","PENDING","PENDING","PENDING","PENDING","PENDING","UNREVIEWED","NOT_STARTED","PENDING","PENDING","PENDING","PENDING","PENDING","PENDING","PENDING","PENDING","PENDING","PENDING","PENDING","PENDING","PENDING","UNASSIGNED","2026-10-07","Lightweight existing-tool mapping hypothesis; duplicate decision and Gate status unchanged.","MEDIUM"
"TOOL-081","Cellular Link Budget Calculator","B3","Access & Transport","Wireless / RAN","CORE","A","P1","CALCULATE","PLANNED","","wireless-link-budget-calculator","PENDING","PENDING","PENDING","PENDING","PENDING","PENDING","UNREVIEWED","NOT_STARTED","PENDING","PENDING","PENDING","PENDING","PENDING","PENDING","PENDING","PENDING","PENDING","PENDING","PENDING","PENDING","PENDING","UNASSIGNED","2026-10-07","Lightweight existing-tool mapping hypothesis; duplicate decision and Gate status unchanged.","MEDIUM"
"TOOL-082","Cell Coverage Radius Estimator","B3","Access & Transport","Wireless / RAN","CORE","A","P1","CALCULATE","PLANNED","","wifi-coverage-capacity-planner","PENDING","PENDING","PENDING","PENDING","PENDING","PENDING","UNREVIEWED","NOT_STARTED","PENDING","PENDING","PENDING","PENDING","PENDING","PENDING","PENDING","PENDING","PENDING","PENDING","PENDING","PENDING","PENDING","UNASSIGNED","2026-10-07","Lightweight existing-tool mapping hypothesis; duplicate decision and Gate status unchanged.","MEDIUM"
"TOOL-083","Cell Capacity Calculator","B3","Access & Transport","Wireless / RAN","CORE","B","P2","CALCULATE,OPTIMIZE","PLANNED","","wifi-coverage-capacity-planner","PENDING","PENDING","PENDING","PENDING","PENDING","PENDING","UNREVIEWED","NOT_STARTED","PENDING","PENDING","PENDING","PENDING","PENDING","PENDING","PENDING","PENDING","PENDING","PENDING","PENDING","PENDING","PENDING","UNASSIGNED","2026-10-07","Lightweight existing-tool mapping hypothesis; duplicate decision and Gate status unchanged.","MEDIUM"
"TOOL-084","Spectrum Efficiency Calculator","B3","Access & Transport","Wireless / RAN","CORE","B","P2","CALCULATE","PLANNED","","","PENDING","PENDING","PENDING","PENDING","PENDING","PENDING","UNREVIEWED","NOT_STARTED","PENDING","PENDING","PENDING","PENDING","PENDING","PENDING","PENDING","PENDING","PENDING","PENDING","PENDING","PENDING","PENDING","UNASSIGNED","2026-10-07","Candidate only; no approval inferred from roadmap.","NO_MATCH"
"TOOL-085","MIMO Throughput Estimator","B3","Access & Transport","Wireless / RAN","CORE","B","P2","CALCULATE","PLANNED","","","PENDING","PENDING","PENDING","PENDING","PENDING","PENDING","UNREVIEWED","NOT_STARTED","PENDING","PENDING","PENDING","PENDING","PENDING","PENDING","PENDING","PENDING","PENDING","PENDING","PENDING","PENDING","PENDING","UNASSIGNED","2026-10-07","Candidate only; no approval inferred from roadmap.","NO_MATCH"
"TOOL-086","Massive MIMO Capacity Planner","B3","Access & Transport","Wireless / RAN","GROWTH","B","P2","PLAN,OPTIMIZE","PLANNED","","","PENDING","PENDING","PENDING","PENDING","PENDING","PENDING","UNREVIEWED","NOT_STARTED","PENDING","PENDING","PENDING","PENDING","PENDING","PENDING","PENDING","PENDING","PENDING","PENDING","PENDING","PENDING","PENDING","UNASSIGNED","2026-10-07","Candidate only; no approval inferred from roadmap.","NO_MATCH"
"TOOL-087","RAN Fronthaul Bandwidth Calculator","B3","Access & Transport","Wireless / RAN","CORE","C","P3","CALCULATE","PLANNED","","","PENDING","PENDING","PENDING","PENDING","PENDING","PENDING","UNREVIEWED","NOT_STARTED","PENDING","PENDING","PENDING","PENDING","PENDING","PENDING","PENDING","PENDING","PENDING","PENDING","PENDING","PENDING","PENDING","UNASSIGNED","2026-10-07","Candidate only; no approval inferred from roadmap.","NO_MATCH"
"TOOL-088","O-RU / O-DU Capacity Planner","B3","Access & Transport","Wireless / RAN","GROWTH","C","P3","PLAN,OPTIMIZE","PLANNED","","","PENDING","PENDING","PENDING","PENDING","PENDING","PENDING","UNREVIEWED","NOT_STARTED","PENDING","PENDING","PENDING","PENDING","PENDING","PENDING","PENDING","PENDING","PENDING","PENDING","PENDING","PENDING","PENDING","UNASSIGNED","2026-10-07","Candidate only; no approval inferred from roadmap.","NO_MATCH"
"TOOL-089","Fronthaul Latency Budget Calculator","B3","Access & Transport","Wireless / RAN","CORE","D","P4","CALCULATE","PLANNED","","","PENDING","PENDING","PENDING","PENDING","PENDING","PENDING","UNREVIEWED","NOT_STARTED","PENDING","PENDING","PENDING","PENDING","PENDING","PENDING","PENDING","PENDING","PENDING","PENDING","PENDING","PENDING","PENDING","UNASSIGNED","2026-10-07","Candidate only; no approval inferred from roadmap.","NO_MATCH"
"TOOL-090","Cell Load Balancing Estimator","B3","Access & Transport","Wireless / RAN","CORE","D","P4","CALCULATE","PLANNED","","","PENDING","PENDING","PENDING","PENDING","PENDING","PENDING","UNREVIEWED","NOT_STARTED","PENDING","PENDING","PENDING","PENDING","PENDING","PENDING","PENDING","PENDING","PENDING","PENDING","PENDING","PENDING","PENDING","UNASSIGNED","2026-10-07","Candidate only; no approval inferred from roadmap.","NO_MATCH"
"TOOL-091","RAN Energy Efficiency Calculator","B3","Access & Transport","Wireless / RAN","CORE","D","P4","CALCULATE","PLANNED","","","PENDING","PENDING","PENDING","PENDING","PENDING","PENDING","UNREVIEWED","NOT_STARTED","PENDING","PENDING","PENDING","PENDING","PENDING","PENDING","PENDING","PENDING","PENDING","PENDING","PENDING","PENDING","PENDING","UNASSIGNED","2026-10-07","Candidate only; no approval inferred from roadmap.","NO_MATCH"
"TOOL-092","Edge Node Placement Planner","B4","Access & Transport","Edge / IoT","CORE","A","P1","PLAN,DESIGN","PLANNED","","","PENDING","PENDING","PENDING","PENDING","PENDING","PENDING","UNREVIEWED","NOT_STARTED","PENDING","PENDING","PENDING","PENDING","PENDING","PENDING","PENDING","PENDING","PENDING","PENDING","PENDING","PENDING","PENDING","UNASSIGNED","2026-10-07","Candidate only; no approval inferred from roadmap.","NO_MATCH"
"TOOL-093","Edge Latency Budget Calculator","B4","Access & Transport","Edge / IoT","CORE","A","P1","CALCULATE","PLANNED","","","PENDING","PENDING","PENDING","PENDING","PENDING","PENDING","UNREVIEWED","NOT_STARTED","PENDING","PENDING","PENDING","PENDING","PENDING","PENDING","PENDING","PENDING","PENDING","PENDING","PENDING","PENDING","PENDING","UNASSIGNED","2026-10-07","Candidate only; no approval inferred from roadmap.","NO_MATCH"
"TOOL-094","MEC Capacity Planner","B4","Access & Transport","Edge / IoT","CORE","B","P2","PLAN,OPTIMIZE","PLANNED","","","PENDING","PENDING","PENDING","PENDING","PENDING","PENDING","UNREVIEWED","NOT_STARTED","PENDING","PENDING","PENDING","PENDING","PENDING","PENDING","PENDING","PENDING","PENDING","PENDING","PENDING","PENDING","PENDING","UNASSIGNED","2026-10-07","Candidate only; no approval inferred from roadmap.","NO_MATCH"
"TOOL-095","IoT Device Density Calculator","B4","Access & Transport","Edge / IoT","CORE","B","P2","CALCULATE","PLANNED","","","PENDING","PENDING","PENDING","PENDING","PENDING","PENDING","UNREVIEWED","NOT_STARTED","PENDING","PENDING","PENDING","PENDING","PENDING","PENDING","PENDING","PENDING","PENDING","PENDING","PENDING","PENDING","PENDING","UNASSIGNED","2026-10-07","Candidate only; no approval inferred from roadmap.","NO_MATCH"
"TOOL-096","IoT Message Bandwidth Calculator","B4","Access & Transport","Edge / IoT","CORE","C","P3","CALCULATE","PLANNED","","","PENDING","PENDING","PENDING","PENDING","PENDING","PENDING","UNREVIEWED","NOT_STARTED","PENDING","PENDING","PENDING","PENDING","PENDING","PENDING","PENDING","PENDING","PENDING","PENDING","PENDING","PENDING","PENDING","UNASSIGNED","2026-10-07","Candidate only; no approval inferred from roadmap.","NO_MATCH"
"TOOL-097","LPWAN Battery-Life Network Estimator","B4","Access & Transport","Edge / IoT","CORE","C","P3","CALCULATE","PLANNED","","","PENDING","PENDING","PENDING","PENDING","PENDING","PENDING","UNREVIEWED","NOT_STARTED","PENDING","PENDING","PENDING","PENDING","PENDING","PENDING","PENDING","PENDING","PENDING","PENDING","PENDING","PENDING","PENDING","UNASSIGNED","2026-10-07","Candidate only; no approval inferred from roadmap.","NO_MATCH"
"TOOL-098","Edge Backhaul Capacity Planner","B4","Access & Transport","Edge / IoT","CORE","D","P4","PLAN,OPTIMIZE","PLANNED","","","PENDING","PENDING","PENDING","PENDING","PENDING","PENDING","UNREVIEWED","NOT_STARTED","PENDING","PENDING","PENDING","PENDING","PENDING","PENDING","PENDING","PENDING","PENDING","PENDING","PENDING","PENDING","PENDING","UNASSIGNED","2026-10-07","Candidate only; no approval inferred from roadmap.","NO_MATCH"
"TOOL-099","Multi-Edge Service Placement Planner","B4","Access & Transport","Edge / IoT","CORE","D","P4","PLAN,DESIGN","PLANNED","","","PENDING","PENDING","PENDING","PENDING","PENDING","PENDING","UNREVIEWED","NOT_STARTED","PENDING","PENDING","PENDING","PENDING","PENDING","PENDING","PENDING","PENDING","PENDING","PENDING","PENDING","PENDING","PENDING","UNASSIGNED","2026-10-07","Candidate only; no approval inferred from roadmap.","NO_MATCH"
"TOOL-100","Leaf-Spine Port Capacity Planner","C1","Data Center & Cloud","Data Center Networking","CORE","A","P1","PLAN,OPTIMIZE","PLANNED","data-center-network-convergence-fabric-capacity-planner","data-center-network-convergence-fabric-capacity-planner","CP-DC-FABRIC-LEAF-SPINE-CAPACITY-001","PENDING","PENDING","PENDING","PENDING","PENDING","REJECT_DUPLICATE","FAIL","EVIDENCED: roadmap objective plus existing tool scope in website/tools/data-center-network-convergence-fabric-capacity-planner/README.md","EVIDENCED: website/tools/data-center-network-convergence-fabric-capacity-planner/js/engine.js calculate() input/output fields","EVIDENCED: website/tools/data-center-network-convergence-fabric-capacity-planner/js/engine.js deterministic calculation logic","EVIDENCED: website/tools/data-center-network-convergence-fabric-capacity-planner/js/engine.js; website/tools/data-center-network-convergence-fabric-capacity-planner/docs/ENGINEERING_METHOD.md","EVIDENCED: website/tools/data-center-network-convergence-fabric-capacity-planner/docs/ENGINEERING_METHOD.md","EVIDENCED: website/tools/data-center-network-convergence-fabric-capacity-planner/docs/engine-test.js","NETWORK_SPECIFIC_CONFIRMED","EVIDENCED: website/tools/data-center-network-convergence-fabric-capacity-planner/index.html problem, inputs and results","EVIDENCED: website/tools/data-center-network-convergence-fabric-capacity-planner/js/engine.js outputs and risk checks","EVIDENCED: website/tools/data-center-network-convergence-fabric-capacity-planner/index.html title and description","EVIDENCED: website/tools/data-center-network-convergence-fabric-capacity-planner/README.md and docs/ENGINEERING_METHOD.md","EVIDENCED: website/tools/data-center-network-convergence-fabric-capacity-planner/js/engine.js scenarios/before-after or reports","PENDING: no monetization evidence required for duplicate rejection","agent-power-fabric","2026-10-08","Deep audit: fabric engine covers leaf-spine, uplink, N+1, growth; duplicate.","HIGH"
"TOOL-101","Leaf-Spine Oversubscription Calculator","C1","Data Center & Cloud","Data Center Networking","CORE","A","P1","CALCULATE","PLANNED","","","PENDING","PENDING","PENDING","PENDING","PENDING","PENDING","UNREVIEWED","NOT_STARTED","PENDING","PENDING","PENDING","PENDING","PENDING","PENDING","PENDING","PENDING","PENDING","PENDING","PENDING","PENDING","PENDING","UNASSIGNED","2026-10-07","Candidate only; no approval inferred from roadmap.","NO_MATCH"
"TOOL-102","Spine Count Calculator","C1","Data Center & Cloud","Data Center Networking","CORE","A","P1","CALCULATE","PLANNED","","","PENDING","PENDING","PENDING","PENDING","PENDING","PENDING","UNREVIEWED","NOT_STARTED","PENDING","PENDING","PENDING","PENDING","PENDING","PENDING","PENDING","PENDING","PENDING","PENDING","PENDING","PENDING","PENDING","UNASSIGNED","2026-10-07","Candidate only; no approval inferred from roadmap.","NO_MATCH"
"TOOL-103","Spine Failure Capacity Planner","C1","Data Center & Cloud","Data Center Networking","CORE","B","P2","PLAN,OPTIMIZE","PLANNED","","","PENDING","PENDING","PENDING","PENDING","PENDING","PENDING","UNREVIEWED","NOT_STARTED","PENDING","PENDING","PENDING","PENDING","PENDING","PENDING","PENDING","PENDING","PENDING","PENDING","PENDING","PENDING","PENDING","UNASSIGNED","2026-10-07","Candidate only; no approval inferred from roadmap.","NO_MATCH"
"TOOL-104","Data Center Bisection Bandwidth Calculator","C1","Data Center & Cloud","Data Center Networking","CORE","B","P2","CALCULATE","PLANNED","data-center-network-convergence-fabric-capacity-planner","data-center-network-convergence-fabric-capacity-planner","CP-DC-FABRIC-BISECTION-001","PENDING","PENDING","PENDING","PENDING","PENDING","REJECT_DUPLICATE","FAIL","EVIDENCED: repository implementation and test artifacts referenced in audit_notes.","EVIDENCED: repository implementation and test artifacts referenced in audit_notes.","EVIDENCED: repository implementation and test artifacts referenced in audit_notes.","EVIDENCED: repository implementation and test artifacts referenced in audit_notes.","EVIDENCED: repository implementation and test artifacts referenced in audit_notes.","EVIDENCED: repository implementation and test artifacts referenced in audit_notes.","NETWORK_SPECIFIC_CONFIRMED","PENDING","PENDING","PENDING","PENDING","PENDING","PENDING","agent-highrisk","2026-10-08","target_existing_tool_id=data-center-network-convergence-fabric-capacity-planner; engine.js and ENGINEERING_METHOD.md cover fabric capacity/bisection.","HIGH"
"TOOL-105","TOR Uplink Capacity Planner","C1","Data Center & Cloud","Data Center Networking","CORE","B","P2","PLAN,OPTIMIZE","PLANNED","","","PENDING","PENDING","PENDING","PENDING","PENDING","PENDING","UNREVIEWED","NOT_STARTED","PENDING","PENDING","PENDING","PENDING","PENDING","PENDING","PENDING","PENDING","PENDING","PENDING","PENDING","PENDING","PENDING","UNASSIGNED","2026-10-07","Candidate only; no approval inferred from roadmap.","NO_MATCH"
"TOOL-106","ECMP Fabric Capacity Calculator","C1","Data Center & Cloud","Data Center Networking","CORE","B","P2","CALCULATE,DESIGN,OPTIMIZE","PLANNED","","data-center-network-convergence-fabric-capacity-planner","PENDING","PENDING","PENDING","PENDING","PENDING","PENDING","UNREVIEWED","NOT_STARTED","PENDING","PENDING","PENDING","PENDING","PENDING","PENDING","PENDING","PENDING","PENDING","PENDING","PENDING","PENDING","PENDING","UNASSIGNED","2026-10-07","Lightweight existing-tool mapping hypothesis; duplicate decision and Gate status unchanged.","MEDIUM"
"TOOL-107","East-West Traffic Capacity Estimator","C1","Data Center & Cloud","Data Center Networking","CORE","C","P3","CALCULATE,OPTIMIZE","PLANNED","","","PENDING","PENDING","PENDING","PENDING","PENDING","PENDING","UNREVIEWED","NOT_STARTED","PENDING","PENDING","PENDING","PENDING","PENDING","PENDING","PENDING","PENDING","PENDING","PENDING","PENDING","PENDING","PENDING","UNASSIGNED","2026-10-07","Candidate only; no approval inferred from roadmap.","NO_MATCH"
"TOOL-108","VXLAN VNI Capacity Planner","C1","Data Center & Cloud","Data Center Networking","CORE","C","P3","PLAN,OPTIMIZE","PLANNED","","","PENDING","PENDING","PENDING","PENDING","PENDING","PENDING","UNREVIEWED","NOT_STARTED","PENDING","PENDING","PENDING","PENDING","PENDING","PENDING","PENDING","PENDING","PENDING","PENDING","PENDING","PENDING","PENDING","UNASSIGNED","2026-10-07","Candidate only; no approval inferred from roadmap.","NO_MATCH"
"TOOL-109","EVPN Route Scale Estimator","C1","Data Center & Cloud","Data Center Networking","CORE","D","P4","CALCULATE","PLANNED","","","PENDING","PENDING","PENDING","PENDING","PENDING","PENDING","UNREVIEWED","NOT_STARTED","PENDING","PENDING","PENDING","PENDING","PENDING","PENDING","PENDING","PENDING","PENDING","PENDING","PENDING","PENDING","PENDING","UNASSIGNED","2026-10-07","Candidate only; no approval inferred from roadmap.","NO_MATCH"
"TOOL-110","Data Center Interconnect Bandwidth Planner","C1","Data Center & Cloud","Data Center Networking","CORE","D","P4","PLAN","PLANNED","","","PENDING","PENDING","PENDING","PENDING","PENDING","PENDING","UNREVIEWED","NOT_STARTED","PENDING","PENDING","PENDING","PENDING","PENDING","PENDING","PENDING","PENDING","PENDING","PENDING","PENDING","PENDING","PENDING","UNASSIGNED","2026-10-07","Candidate only; no approval inferred from roadmap.","NO_MATCH"
"TOOL-111","Fabric Growth Capacity Forecaster","C1","Data Center & Cloud","Data Center Networking","CORE","D","P4","DESIGN,OPTIMIZE","PLANNED","","","PENDING","PENDING","PENDING","PENDING","PENDING","PENDING","UNREVIEWED","NOT_STARTED","PENDING","PENDING","PENDING","PENDING","PENDING","PENDING","PENDING","PENDING","PENDING","PENDING","PENDING","PENDING","PENDING","UNASSIGNED","2026-10-07","Candidate only; no approval inferred from roadmap.","NO_MATCH"
"TOOL-112","GPU Cluster Network Bandwidth Calculator","C2","Data Center & Cloud","AI / GPU / HPC Networking","GROWTH","A","P1","CALCULATE","PLANNED","","","PENDING","PENDING","PENDING","PENDING","PENDING","PENDING","UNREVIEWED","NOT_STARTED","PENDING","PENDING","PENDING","PENDING","PENDING","PENDING","PENDING","PENDING","PENDING","PENDING","PENDING","PENDING","PENDING","UNASSIGNED","2026-10-07","Candidate only; no approval inferred from roadmap.","NO_MATCH"
"TOOL-113","All-Reduce Traffic Estimator","C2","Data Center & Cloud","AI / GPU / HPC Networking","CORE","A","P1","CALCULATE","PLANNED","","","PENDING","PENDING","PENDING","PENDING","PENDING","PENDING","UNREVIEWED","NOT_STARTED","PENDING","PENDING","PENDING","PENDING","PENDING","PENDING","PENDING","PENDING","PENDING","PENDING","PENDING","PENDING","PENDING","UNASSIGNED","2026-10-07","Candidate only; no approval inferred from roadmap.","NO_MATCH"
"TOOL-114","AI Training Fabric Capacity Planner","C2","Data Center & Cloud","AI / GPU / HPC Networking","GROWTH","A","P1","PLAN,DESIGN,OPTIMIZE","PLANNED","","","PENDING","PENDING","PENDING","PENDING","PENDING","PENDING","UNREVIEWED","NOT_STARTED","PENDING","PENDING","PENDING","PENDING","PENDING","PENDING","PENDING","PENDING","PENDING","PENDING","PENDING","PENDING","PENDING","UNASSIGNED","2026-10-07","Candidate only; no approval inferred from roadmap.","NO_MATCH"
"TOOL-115","AI Inference Network Capacity Planner","C2","Data Center & Cloud","AI / GPU / HPC Networking","GROWTH","B","P2","PLAN,OPTIMIZE","PLANNED","","","PENDING","PENDING","PENDING","PENDING","PENDING","PENDING","UNREVIEWED","NOT_STARTED","PENDING","PENDING","PENDING","PENDING","PENDING","PENDING","PENDING","PENDING","PENDING","PENDING","PENDING","PENDING","PENDING","UNASSIGNED","2026-10-07","Candidate only; no approval inferred from roadmap.","NO_MATCH"
"TOOL-116","RoCE Bandwidth Planner","C2","Data Center & Cloud","AI / GPU / HPC Networking","GROWTH","B","P2","PLAN","PLANNED","","","PENDING","PENDING","PENDING","PENDING","PENDING","PENDING","UNREVIEWED","NOT_STARTED","PENDING","PENDING","PENDING","PENDING","PENDING","PENDING","PENDING","PENDING","PENDING","PENDING","PENDING","PENDING","PENDING","UNASSIGNED","2026-10-07","Candidate only; no approval inferred from roadmap.","NO_MATCH"
"TOOL-117","RoCE PFC Headroom Estimator","C2","Data Center & Cloud","AI / GPU / HPC Networking","GROWTH","B","P2","CALCULATE","PLANNED","","","PENDING","PENDING","PENDING","PENDING","PENDING","PENDING","UNREVIEWED","NOT_STARTED","PENDING","PENDING","PENDING","PENDING","PENDING","PENDING","PENDING","PENDING","PENDING","PENDING","PENDING","PENDING","PENDING","UNASSIGNED","2026-10-07","Candidate only; no approval inferred from roadmap.","NO_MATCH"
"TOOL-118","ECN / Congestion Threshold Planner","C2","Data Center & Cloud","AI / GPU / HPC Networking","CORE","C","P3","PLAN","PLANNED","","","PENDING","PENDING","PENDING","PENDING","PENDING","PENDING","UNREVIEWED","NOT_STARTED","PENDING","PENDING","PENDING","PENDING","PENDING","PENDING","PENDING","PENDING","PENDING","PENDING","PENDING","PENDING","PENDING","UNASSIGNED","2026-10-07","Candidate only; no approval inferred from roadmap.","NO_MATCH"
"TOOL-119","InfiniBand Fabric Capacity Planner","C2","Data Center & Cloud","AI / GPU / HPC Networking","GROWTH","C","P3","PLAN,DESIGN,OPTIMIZE","PLANNED","","","PENDING","PENDING","PENDING","PENDING","PENDING","PENDING","UNREVIEWED","NOT_STARTED","PENDING","PENDING","PENDING","PENDING","PENDING","PENDING","PENDING","PENDING","PENDING","PENDING","PENDING","PENDING","PENDING","UNASSIGNED","2026-10-07","Candidate only; no approval inferred from roadmap.","NO_MATCH"
"TOOL-120","GPU Bisection Bandwidth Calculator","C2","Data Center & Cloud","AI / GPU / HPC Networking","GROWTH","C","P3","CALCULATE","PLANNED","","","PENDING","PENDING","PENDING","PENDING","PENDING","PENDING","UNREVIEWED","NOT_STARTED","PENDING","PENDING","PENDING","PENDING","PENDING","PENDING","PENDING","PENDING","PENDING","PENDING","PENDING","PENDING","PENDING","UNASSIGNED","2026-10-07","Candidate only; no approval inferred from roadmap.","NO_MATCH"
"TOOL-121","DPU Offload Capacity Estimator","C2","Data Center & Cloud","AI / GPU / HPC Networking","GROWTH","D","P4","CALCULATE,OPTIMIZE","PLANNED","","","PENDING","PENDING","PENDING","PENDING","PENDING","PENDING","UNREVIEWED","NOT_STARTED","PENDING","PENDING","PENDING","PENDING","PENDING","PENDING","PENDING","PENDING","PENDING","PENDING","PENDING","PENDING","PENDING","UNASSIGNED","2026-10-07","Candidate only; no approval inferred from roadmap.","NO_MATCH"
"TOOL-122","AI Fabric Failure Scenario Simulator","C2","Data Center & Cloud","AI / GPU / HPC Networking","GROWTH","D","P4","DESIGN","PLANNED","","","PENDING","PENDING","PENDING","PENDING","PENDING","PENDING","UNREVIEWED","NOT_STARTED","PENDING","PENDING","PENDING","PENDING","PENDING","PENDING","PENDING","PENDING","PENDING","PENDING","PENDING","PENDING","PENDING","UNASSIGNED","2026-10-07","Candidate only; no approval inferred from roadmap.","NO_MATCH"
"TOOL-123","VPC CIDR Planner","C3","Data Center & Cloud","Cloud Networking","CORE","A","P1","PLAN","PLANNED","","","PENDING","PENDING","PENDING","PENDING","PENDING","PENDING","UNREVIEWED","NOT_STARTED","PENDING","PENDING","PENDING","PENDING","PENDING","PENDING","PENDING","PENDING","PENDING","PENDING","PENDING","PENDING","PENDING","UNASSIGNED","2026-10-07","Candidate only; no approval inferred from roadmap.","NO_MATCH"
"TOOL-124","Multi-VPC CIDR Conflict Checker","C3","Data Center & Cloud","Cloud Networking","CORE","A","P1","CALCULATE,TROUBLESHOOT","PLANNED","","","PENDING","PENDING","PENDING","PENDING","PENDING","PENDING","UNREVIEWED","NOT_STARTED","PENDING","PENDING","PENDING","PENDING","PENDING","PENDING","PENDING","PENDING","PENDING","PENDING","PENDING","PENDING","PENDING","UNASSIGNED","2026-10-07","Candidate only; no approval inferred from roadmap.","NO_MATCH"
"TOOL-125","Transit Gateway Capacity Planner","C3","Data Center & Cloud","Cloud Networking","CORE","B","P2","PLAN,OPTIMIZE","PLANNED","","","PENDING","PENDING","PENDING","PENDING","PENDING","PENDING","UNREVIEWED","NOT_STARTED","PENDING","PENDING","PENDING","PENDING","PENDING","PENDING","PENDING","PENDING","PENDING","PENDING","PENDING","PENDING","PENDING","UNASSIGNED","2026-10-07","Candidate only; no approval inferred from roadmap.","NO_MATCH"
"TOOL-126","Cloud NAT Port Capacity Calculator","C3","Data Center & Cloud","Cloud Networking","CORE","B","P2","CALCULATE,OPTIMIZE","PLANNED","","","PENDING","PENDING","PENDING","PENDING","PENDING","PENDING","UNREVIEWED","NOT_STARTED","PENDING","PENDING","PENDING","PENDING","PENDING","PENDING","PENDING","PENDING","PENDING","PENDING","PENDING","PENDING","PENDING","UNASSIGNED","2026-10-07","Candidate only; no approval inferred from roadmap.","NO_MATCH"
"TOOL-127","Cloud Interconnect Bandwidth Planner","C3","Data Center & Cloud","Cloud Networking","CORE","B","P2","PLAN","PLANNED","","","PENDING","PENDING","PENDING","PENDING","PENDING","PENDING","UNREVIEWED","NOT_STARTED","PENDING","PENDING","PENDING","PENDING","PENDING","PENDING","PENDING","PENDING","PENDING","PENDING","PENDING","PENDING","PENDING","UNASSIGNED","2026-10-07","Candidate only; no approval inferred from roadmap.","NO_MATCH"
"TOOL-128","Hybrid Cloud Latency Budget","C3","Data Center & Cloud","Cloud Networking","CORE","C","P3","CALCULATE","PLANNED","","","PENDING","PENDING","PENDING","PENDING","PENDING","PENDING","UNREVIEWED","NOT_STARTED","PENDING","PENDING","PENDING","PENDING","PENDING","PENDING","PENDING","PENDING","PENDING","PENDING","PENDING","PENDING","PENDING","UNASSIGNED","2026-10-07","Candidate only; no approval inferred from roadmap.","NO_MATCH"
"TOOL-129","Multi-Cloud Connectivity Planner","C3","Data Center & Cloud","Cloud Networking","CORE","C","P3","PLAN","PLANNED","","","PENDING","PENDING","PENDING","PENDING","PENDING","PENDING","UNREVIEWED","NOT_STARTED","PENDING","PENDING","PENDING","PENDING","PENDING","PENDING","PENDING","PENDING","PENDING","PENDING","PENDING","PENDING","PENDING","UNASSIGNED","2026-10-07","Candidate only; no approval inferred from roadmap.","NO_MATCH"
"TOOL-130","Cloud Egress Cost Estimator","C3","Data Center & Cloud","Cloud Networking","CORE","D","P4","CALCULATE,OPTIMIZE","PLANNED","","","PENDING","PENDING","PENDING","PENDING","PENDING","PENDING","UNREVIEWED","NOT_STARTED","PENDING","PENDING","PENDING","PENDING","PENDING","PENDING","PENDING","PENDING","PENDING","PENDING","PENDING","PENDING","PENDING","UNASSIGNED","2026-10-07","Candidate only; no approval inferred from roadmap.","NO_MATCH"
"TOOL-131","Cloud Network Growth Planner","C3","Data Center & Cloud","Cloud Networking","CORE","D","P4","PLAN,OPTIMIZE","PLANNED","","","PENDING","PENDING","PENDING","PENDING","PENDING","PENDING","UNREVIEWED","NOT_STARTED","PENDING","PENDING","PENDING","PENDING","PENDING","PENDING","PENDING","PENDING","PENDING","PENDING","PENDING","PENDING","PENDING","UNASSIGNED","2026-10-07","Candidate only; no approval inferred from roadmap.","NO_MATCH"
"TOOL-132","Kubernetes Pod CIDR Planner","C4","Data Center & Cloud","Cloud-Native Networking","GROWTH","A","P1","PLAN","PLANNED","","","PENDING","PENDING","PENDING","PENDING","PENDING","PENDING","UNREVIEWED","NOT_STARTED","PENDING","PENDING","PENDING","PENDING","PENDING","PENDING","PENDING","PENDING","PENDING","PENDING","PENDING","PENDING","PENDING","UNASSIGNED","2026-10-07","Candidate only; no approval inferred from roadmap.","NO_MATCH"
"TOOL-133","Kubernetes Service CIDR Planner","C4","Data Center & Cloud","Cloud-Native Networking","GROWTH","A","P1","PLAN","PLANNED","","","PENDING","PENDING","PENDING","PENDING","PENDING","PENDING","UNREVIEWED","NOT_STARTED","PENDING","PENDING","PENDING","PENDING","PENDING","PENDING","PENDING","PENDING","PENDING","PENDING","PENDING","PENDING","PENDING","UNASSIGNED","2026-10-07","Candidate only; no approval inferred from roadmap.","NO_MATCH"
"TOOL-134","CNI MTU Calculator","C4","Data Center & Cloud","Cloud-Native Networking","CORE","B","P2","CALCULATE","PLANNED","","","PENDING","PENDING","PENDING","PENDING","PENDING","PENDING","UNREVIEWED","NOT_STARTED","PENDING","PENDING","PENDING","PENDING","PENDING","PENDING","PENDING","PENDING","PENDING","PENDING","PENDING","PENDING","PENDING","UNASSIGNED","2026-10-07","Candidate only; no approval inferred from roadmap.","NO_MATCH"
"TOOL-135","VXLAN / Geneve Overhead Calculator","C4","Data Center & Cloud","Cloud-Native Networking","CORE","B","P2","CALCULATE","PLANNED","","","PENDING","PENDING","PENDING","PENDING","PENDING","PENDING","UNREVIEWED","NOT_STARTED","PENDING","PENDING","PENDING","PENDING","PENDING","PENDING","PENDING","PENDING","PENDING","PENDING","PENDING","PENDING","PENDING","UNASSIGNED","2026-10-07","Candidate only; no approval inferred from roadmap.","NO_MATCH"
"TOOL-136","Kubernetes Network Policy Builder","C4","Data Center & Cloud","Cloud-Native Networking","GROWTH","B","P2","PLAN","PLANNED","","","PENDING","PENDING","PENDING","PENDING","PENDING","PENDING","UNREVIEWED","NOT_STARTED","PENDING","PENDING","PENDING","PENDING","PENDING","PENDING","PENDING","PENDING","PENDING","PENDING","PENDING","PENDING","PENDING","UNASSIGNED","2026-10-07","Candidate only; no approval inferred from roadmap.","NO_MATCH"
"TOOL-137","Multi-Cluster CIDR Conflict Checker","C4","Data Center & Cloud","Cloud-Native Networking","CORE","C","P3","CALCULATE,TROUBLESHOOT","PLANNED","","","PENDING","PENDING","PENDING","PENDING","PENDING","PENDING","UNREVIEWED","NOT_STARTED","PENDING","PENDING","PENDING","PENDING","PENDING","PENDING","PENDING","PENDING","PENDING","PENDING","PENDING","PENDING","PENDING","UNASSIGNED","2026-10-07","Candidate only; no approval inferred from roadmap.","NO_MATCH"
"TOOL-138","Service Mesh Latency Overhead Estimator","C4","Data Center & Cloud","Cloud-Native Networking","CORE","C","P3","CALCULATE","PLANNED","","","PENDING","PENDING","PENDING","PENDING","PENDING","PENDING","UNREVIEWED","NOT_STARTED","PENDING","PENDING","PENDING","PENDING","PENDING","PENDING","PENDING","PENDING","PENDING","PENDING","PENDING","PENDING","PENDING","UNASSIGNED","2026-10-07","Candidate only; no approval inferred from roadmap.","NO_MATCH"
"TOOL-139","Gateway API Capacity Planner","C4","Data Center & Cloud","Cloud-Native Networking","CORE","D","P4","PLAN,OPTIMIZE","PLANNED","","","PENDING","PENDING","PENDING","PENDING","PENDING","PENDING","UNREVIEWED","NOT_STARTED","PENDING","PENDING","PENDING","PENDING","PENDING","PENDING","PENDING","PENDING","PENDING","PENDING","PENDING","PENDING","PENDING","UNASSIGNED","2026-10-07","Candidate only; no approval inferred from roadmap.","NO_MATCH"
"TOOL-140","eBPF Flow Capacity Estimator","C4","Data Center & Cloud","Cloud-Native Networking","GROWTH","D","P4","CALCULATE,OPTIMIZE","PLANNED","","","PENDING","PENDING","PENDING","PENDING","PENDING","PENDING","UNREVIEWED","NOT_STARTED","PENDING","PENDING","PENDING","PENDING","PENDING","PENDING","PENDING","PENDING","PENDING","PENDING","PENDING","PENDING","PENDING","UNASSIGNED","2026-10-07","Candidate only; no approval inferred from roadmap.","NO_MATCH"
"TOOL-141","NETCONF RPC Builder","D1","Automation & Operations","Network Automation / Programmability","CORE","A","P1","PLAN","PLANNED","","","PENDING","PENDING","PENDING","PENDING","PENDING","PENDING","UNREVIEWED","NOT_STARTED","PENDING","PENDING","PENDING","PENDING","PENDING","PENDING","PENDING","PENDING","PENDING","PENDING","PENDING","PENDING","PENDING","UNASSIGNED","2026-10-07","Candidate only; no approval inferred from roadmap.","NO_MATCH"
"TOOL-142","RESTCONF Request Builder","D1","Automation & Operations","Network Automation / Programmability","CORE","A","P1","PLAN","PLANNED","","","PENDING","PENDING","PENDING","PENDING","PENDING","PENDING","UNREVIEWED","NOT_STARTED","PENDING","PENDING","PENDING","PENDING","PENDING","PENDING","PENDING","PENDING","PENDING","PENDING","PENDING","PENDING","PENDING","UNASSIGNED","2026-10-07","Candidate only; no approval inferred from roadmap.","NO_MATCH"
"TOOL-143","YANG Path Explorer","D1","Automation & Operations","Network Automation / Programmability","CORE","A","P1","CALCULATE","PLANNED","","","PENDING","PENDING","PENDING","PENDING","PENDING","PENDING","UNREVIEWED","NOT_STARTED","PENDING","PENDING","PENDING","PENDING","PENDING","PENDING","PENDING","PENDING","PENDING","PENDING","PENDING","PENDING","PENDING","UNASSIGNED","2026-10-07","Candidate only; no approval inferred from roadmap.","NO_MATCH"
"TOOL-144","YANG Model Dependency Checker","D1","Automation & Operations","Network Automation / Programmability","CORE","B","P2","CALCULATE","PLANNED","","","PENDING","PENDING","PENDING","PENDING","PENDING","PENDING","UNREVIEWED","NOT_STARTED","PENDING","PENDING","PENDING","PENDING","PENDING","PENDING","PENDING","PENDING","PENDING","PENDING","PENDING","PENDING","PENDING","UNASSIGNED","2026-10-07","Candidate only; no approval inferred from roadmap.","NO_MATCH"
"TOOL-145","Network Config Diff Analyzer","D1","Automation & Operations","Network Automation / Programmability","CORE","B","P2","TROUBLESHOOT","PLANNED","","","PENDING","PENDING","PENDING","PENDING","PENDING","PENDING","UNREVIEWED","NOT_STARTED","PENDING","PENDING","PENDING","PENDING","PENDING","PENDING","PENDING","PENDING","PENDING","PENDING","PENDING","PENDING","PENDING","UNASSIGNED","2026-10-07","Candidate only; no approval inferred from roadmap.","NO_MATCH"
"TOOL-146","VLAN Config Generator","D1","Automation & Operations","Network Automation / Programmability","CORE","B","P2","PLAN","PLANNED","","","PENDING","PENDING","PENDING","PENDING","PENDING","PENDING","UNREVIEWED","NOT_STARTED","PENDING","PENDING","PENDING","PENDING","PENDING","PENDING","PENDING","PENDING","PENDING","PENDING","PENDING","PENDING","PENDING","UNASSIGNED","2026-10-07","Candidate only; no approval inferred from roadmap.","NO_MATCH"
"TOOL-147","Interface Config Generator","D1","Automation & Operations","Network Automation / Programmability","CORE","B","P2","PLAN","PLANNED","","","PENDING","PENDING","PENDING","PENDING","PENDING","PENDING","UNREVIEWED","NOT_STARTED","PENDING","PENDING","PENDING","PENDING","PENDING","PENDING","PENDING","PENDING","PENDING","PENDING","PENDING","PENDING","PENDING","UNASSIGNED","2026-10-07","Candidate only; no approval inferred from roadmap.","NO_MATCH"
"TOOL-148","BGP Policy Generator","D1","Automation & Operations","Network Automation / Programmability","CORE","C","P3","PLAN","PLANNED","","","PENDING","PENDING","PENDING","PENDING","PENDING","PENDING","UNREVIEWED","NOT_STARTED","PENDING","PENDING","PENDING","PENDING","PENDING","PENDING","PENDING","PENDING","PENDING","PENDING","PENDING","PENDING","PENDING","UNASSIGNED","2026-10-07","Candidate only; no approval inferred from roadmap.","NO_MATCH"
"TOOL-149","ACL Config Generator","D1","Automation & Operations","Network Automation / Programmability","CORE","C","P3","PLAN","PLANNED","","acl-generator-validator","PENDING","PENDING","PENDING","PENDING","PENDING","PENDING","UNREVIEWED","NOT_STARTED","PENDING","PENDING","PENDING","PENDING","PENDING","PENDING","PENDING","PENDING","PENDING","PENDING","PENDING","PENDING","PENDING","UNASSIGNED","2026-10-07","Lightweight existing-tool mapping hypothesis; duplicate decision and Gate status unchanged.","MEDIUM"
"TOOL-150","SRv6 Config Planner","D1","Automation & Operations","Network Automation / Programmability","CORE","D","P4","PLAN","PLANNED","","","PENDING","PENDING","PENDING","PENDING","PENDING","PENDING","UNREVIEWED","NOT_STARTED","PENDING","PENDING","PENDING","PENDING","PENDING","PENDING","PENDING","PENDING","PENDING","PENDING","PENDING","PENDING","PENDING","UNASSIGNED","2026-10-07","Candidate only; no approval inferred from roadmap.","NO_MATCH"
"TOOL-151","Intent-to-Config Planner","D1","Automation & Operations","Network Automation / Programmability","CORE","D","P4","PLAN","PLANNED","","","PENDING","PENDING","PENDING","PENDING","PENDING","PENDING","UNREVIEWED","NOT_STARTED","PENDING","PENDING","PENDING","PENDING","PENDING","PENDING","PENDING","PENDING","PENDING","PENDING","PENDING","PENDING","PENDING","UNASSIGNED","2026-10-07","Candidate only; no approval inferred from roadmap.","NO_MATCH"
"TOOL-152","Network Change Precheck Builder","D1","Automation & Operations","Network Automation / Programmability","CORE","D","P4","PLAN,TROUBLESHOOT","PLANNED","","network-change-planner-mop-generator","PENDING","PENDING","PENDING","PENDING","PENDING","PENDING","UNREVIEWED","NOT_STARTED","PENDING","PENDING","PENDING","PENDING","PENDING","PENDING","PENDING","PENDING","PENDING","PENDING","PENDING","PENDING","PENDING","UNASSIGNED","2026-10-07","Lightweight existing-tool mapping hypothesis; duplicate decision and Gate status unchanged.","MEDIUM"
"TOOL-153","SNMP Polling Capacity Calculator","D2","Automation & Operations","Observability / Telemetry / AIOps","CORE","A","P1","CALCULATE,OPTIMIZE","PLANNED","","","PENDING","PENDING","PENDING","PENDING","PENDING","PENDING","UNREVIEWED","NOT_STARTED","PENDING","PENDING","PENDING","PENDING","PENDING","PENDING","PENDING","PENDING","PENDING","PENDING","PENDING","PENDING","PENDING","UNASSIGNED","2026-10-07","Candidate only; no approval inferred from roadmap.","NO_MATCH"
"TOOL-154","Streaming Telemetry Bandwidth Estimator","D2","Automation & Operations","Observability / Telemetry / AIOps","CORE","A","P1","CALCULATE","PLANNED","","","PENDING","PENDING","PENDING","PENDING","PENDING","PENDING","UNREVIEWED","NOT_STARTED","PENDING","PENDING","PENDING","PENDING","PENDING","PENDING","PENDING","PENDING","PENDING","PENDING","PENDING","PENDING","PENDING","UNASSIGNED","2026-10-07","Candidate only; no approval inferred from roadmap.","NO_MATCH"
"TOOL-155","NetFlow / IPFIX Storage Calculator","D2","Automation & Operations","Observability / Telemetry / AIOps","CORE","A","P1","CALCULATE","PLANNED","","","PENDING","PENDING","PENDING","PENDING","PENDING","PENDING","UNREVIEWED","NOT_STARTED","PENDING","PENDING","PENDING","PENDING","PENDING","PENDING","PENDING","PENDING","PENDING","PENDING","PENDING","PENDING","PENDING","UNASSIGNED","2026-10-07","Candidate only; no approval inferred from roadmap.","NO_MATCH"
"TOOL-156","Syslog EPS Capacity Calculator","D2","Automation & Operations","Observability / Telemetry / AIOps","CORE","B","P2","CALCULATE,OPTIMIZE","PLANNED","","","PENDING","PENDING","PENDING","PENDING","PENDING","PENDING","UNREVIEWED","NOT_STARTED","PENDING","PENDING","PENDING","PENDING","PENDING","PENDING","PENDING","PENDING","PENDING","PENDING","PENDING","PENDING","PENDING","UNASSIGNED","2026-10-07","Candidate only; no approval inferred from roadmap.","NO_MATCH"
"TOOL-157","Alarm Storm Analyzer","D2","Automation & Operations","Observability / Telemetry / AIOps","CORE","B","P2","TROUBLESHOOT","PLANNED","","","PENDING","PENDING","PENDING","PENDING","PENDING","PENDING","UNREVIEWED","NOT_STARTED","PENDING","PENDING","PENDING","PENDING","PENDING","PENDING","PENDING","PENDING","PENDING","PENDING","PENDING","PENDING","PENDING","UNASSIGNED","2026-10-07","Candidate only; no approval inferred from roadmap.","NO_MATCH"
"TOOL-158","Network Baseline Deviation Analyzer","D2","Automation & Operations","Observability / Telemetry / AIOps","CORE","B","P2","TROUBLESHOOT","PLANNED","","","PENDING","PENDING","PENDING","PENDING","PENDING","PENDING","UNREVIEWED","NOT_STARTED","PENDING","PENDING","PENDING","PENDING","PENDING","PENDING","PENDING","PENDING","PENDING","PENDING","PENDING","PENDING","PENDING","UNASSIGNED","2026-10-07","Candidate only; no approval inferred from roadmap.","NO_MATCH"
"TOOL-159","SLA Violation Analyzer","D2","Automation & Operations","Observability / Telemetry / AIOps","CORE","C","P3","TROUBLESHOOT,OPTIMIZE","PLANNED","","","PENDING","PENDING","PENDING","PENDING","PENDING","PENDING","UNREVIEWED","NOT_STARTED","PENDING","PENDING","PENDING","PENDING","PENDING","PENDING","PENDING","PENDING","PENDING","PENDING","PENDING","PENDING","PENDING","UNASSIGNED","2026-10-07","Candidate only; no approval inferred from roadmap.","NO_MATCH"
"TOOL-160","MTTR Calculator","D2","Automation & Operations","Observability / Telemetry / AIOps","CORE","C","P3","CALCULATE","PLANNED","","","PENDING","PENDING","PENDING","PENDING","PENDING","PENDING","UNREVIEWED","NOT_STARTED","PENDING","PENDING","PENDING","PENDING","PENDING","PENDING","PENDING","PENDING","PENDING","PENDING","PENDING","PENDING","PENDING","UNASSIGNED","2026-10-07","Candidate only; no approval inferred from roadmap.","NO_MATCH"
"TOOL-161","Incident Timeline Builder","D2","Automation & Operations","Observability / Telemetry / AIOps","CORE","C","P3","PLAN,TROUBLESHOOT","PLANNED","","","PENDING","PENDING","PENDING","PENDING","PENDING","PENDING","UNREVIEWED","NOT_STARTED","PENDING","PENDING","PENDING","PENDING","PENDING","PENDING","PENDING","PENDING","PENDING","PENDING","PENDING","PENDING","PENDING","UNASSIGNED","2026-10-07","Candidate only; no approval inferred from roadmap.","NO_MATCH"
"TOOL-162","Capacity Trend Forecaster","D2","Automation & Operations","Observability / Telemetry / AIOps","CORE","D","P4","OPTIMIZE","PLANNED","","network-capacity-forecast-planner","PENDING","PENDING","PENDING","PENDING","PENDING","PENDING","UNREVIEWED","NOT_STARTED","PENDING","PENDING","PENDING","PENDING","PENDING","PENDING","PENDING","PENDING","PENDING","PENDING","PENDING","PENDING","PENDING","UNASSIGNED","2026-10-07","Lightweight existing-tool mapping hypothesis; duplicate decision and Gate status unchanged.","MEDIUM"
"TOOL-163","Network RCA Evidence Organizer","D2","Automation & Operations","Observability / Telemetry / AIOps","CORE","D","P4","TROUBLESHOOT","PLANNED","","","PENDING","PENDING","PENDING","PENDING","PENDING","PENDING","UNREVIEWED","NOT_STARTED","PENDING","PENDING","PENDING","PENDING","PENDING","PENDING","PENDING","PENDING","PENDING","PENDING","PENDING","PENDING","PENDING","UNASSIGNED","2026-10-07","Candidate only; no approval inferred from roadmap.","NO_MATCH"
"TOOL-164","ACL Rule Conflict Checker","E1","Security & Infrastructure","Network Security","CORE","A","P1","CALCULATE,TROUBLESHOOT","PLANNED","","acl-generator-validator","PENDING","PENDING","PENDING","PENDING","PENDING","PENDING","UNREVIEWED","NOT_STARTED","PENDING","PENDING","PENDING","PENDING","PENDING","PENDING","PENDING","PENDING","PENDING","PENDING","PENDING","PENDING","PENDING","UNASSIGNED","2026-10-07","Lightweight existing-tool mapping hypothesis; duplicate decision and Gate status unchanged.","MEDIUM"
"TOOL-165","Firewall Rule Capacity Planner","E1","Security & Infrastructure","Network Security","CORE","A","P1","PLAN,OPTIMIZE","PLANNED","","","PENDING","PENDING","PENDING","PENDING","PENDING","PENDING","UNREVIEWED","NOT_STARTED","PENDING","PENDING","PENDING","PENDING","PENDING","PENDING","PENDING","PENDING","PENDING","PENDING","PENDING","PENDING","PENDING","UNASSIGNED","2026-10-07","Candidate only; no approval inferred from roadmap.","NO_MATCH"
"TOOL-166","Firewall Throughput Sizing Calculator","E1","Security & Infrastructure","Network Security","CORE","A","P1","CALCULATE","PLANNED","","","PENDING","PENDING","PENDING","PENDING","PENDING","PENDING","UNREVIEWED","NOT_STARTED","PENDING","PENDING","PENDING","PENDING","PENDING","PENDING","PENDING","PENDING","PENDING","PENDING","PENDING","PENDING","PENDING","UNASSIGNED","2026-10-07","Candidate only; no approval inferred from roadmap.","NO_MATCH"
"TOOL-167","VPN Encryption Overhead Calculator","E1","Security & Infrastructure","Network Security","CORE","A","P1","CALCULATE","PLANNED","","","PENDING","PENDING","PENDING","PENDING","PENDING","PENDING","UNREVIEWED","NOT_STARTED","PENDING","PENDING","PENDING","PENDING","PENDING","PENDING","PENDING","PENDING","PENDING","PENDING","PENDING","PENDING","PENDING","UNASSIGNED","2026-10-07","Candidate only; no approval inferred from roadmap.","NO_MATCH"
"TOOL-168","IPsec MTU / MSS Calculator","E1","Security & Infrastructure","Network Security","CORE","B","P2","CALCULATE","PLANNED","","","PENDING","PENDING","PENDING","PENDING","PENDING","PENDING","UNREVIEWED","NOT_STARTED","PENDING","PENDING","PENDING","PENDING","PENDING","PENDING","PENDING","PENDING","PENDING","PENDING","PENDING","PENDING","PENDING","UNASSIGNED","2026-10-07","Candidate only; no approval inferred from roadmap.","NO_MATCH"
"TOOL-169","DDoS Scrubbing Capacity Planner","E1","Security & Infrastructure","Network Security","CORE","B","P2","PLAN,OPTIMIZE","PLANNED","","","PENDING","PENDING","PENDING","PENDING","PENDING","PENDING","UNREVIEWED","NOT_STARTED","PENDING","PENDING","PENDING","PENDING","PENDING","PENDING","PENDING","PENDING","PENDING","PENDING","PENDING","PENDING","PENDING","UNASSIGNED","2026-10-07","Candidate only; no approval inferred from roadmap.","NO_MATCH"
"TOOL-170","Network Segmentation Planner","E1","Security & Infrastructure","Network Security","CORE","B","P2","PLAN","PLANNED","","","PENDING","PENDING","PENDING","PENDING","PENDING","PENDING","UNREVIEWED","NOT_STARTED","PENDING","PENDING","PENDING","PENDING","PENDING","PENDING","PENDING","PENDING","PENDING","PENDING","PENDING","PENDING","PENDING","UNASSIGNED","2026-10-07","Candidate only; no approval inferred from roadmap.","NO_MATCH"
"TOOL-171","Zero Trust Zone Planner","E1","Security & Infrastructure","Network Security","CORE","C","P3","PLAN,DESIGN","PLANNED","","","PENDING","PENDING","PENDING","PENDING","PENDING","PENDING","UNREVIEWED","NOT_STARTED","PENDING","PENDING","PENDING","PENDING","PENDING","PENDING","PENDING","PENDING","PENDING","PENDING","PENDING","PENDING","PENDING","UNASSIGNED","2026-10-07","Candidate only; no approval inferred from roadmap.","NO_MATCH"
"TOOL-172","RPKI Route Origin Validator","E1","Security & Infrastructure","Network Security","CORE","C","P3","CALCULATE","PLANNED","","","PENDING","PENDING","PENDING","PENDING","PENDING","PENDING","UNREVIEWED","NOT_STARTED","PENDING","PENDING","PENDING","PENDING","PENDING","PENDING","PENDING","PENDING","PENDING","PENDING","PENDING","PENDING","PENDING","UNASSIGNED","2026-10-07","Candidate only; no approval inferred from roadmap.","NO_MATCH"
"TOOL-173","PKI Certificate Capacity Estimator","E1","Security & Infrastructure","Network Security","CORE","C","P3","CALCULATE,OPTIMIZE","PLANNED","","","PENDING","PENDING","PENDING","PENDING","PENDING","PENDING","UNREVIEWED","NOT_STARTED","PENDING","PENDING","PENDING","PENDING","PENDING","PENDING","PENDING","PENDING","PENDING","PENDING","PENDING","PENDING","PENDING","UNASSIGNED","2026-10-07","Candidate only; no approval inferred from roadmap.","NO_MATCH"
"TOOL-174","SASE Security Path Latency Estimator","E1","Security & Infrastructure","Network Security","CORE","D","P4","CALCULATE","PLANNED","","","PENDING","PENDING","PENDING","PENDING","PENDING","PENDING","UNREVIEWED","NOT_STARTED","PENDING","PENDING","PENDING","PENDING","PENDING","PENDING","PENDING","PENDING","PENDING","PENDING","PENDING","PENDING","PENDING","UNASSIGNED","2026-10-07","Candidate only; no approval inferred from roadmap.","NO_MATCH"
"TOOL-175","Attack Surface Exposure Mapper","E1","Security & Infrastructure","Network Security","CORE","D","P4","CALCULATE","PLANNED","","network-risk-hidden-hazard-assessment-generator","PENDING","PENDING","PENDING","PENDING","PENDING","PENDING","UNREVIEWED","NOT_STARTED","PENDING","PENDING","PENDING","PENDING","PENDING","PENDING","PENDING","PENDING","PENDING","PENDING","PENDING","PENDING","PENDING","UNASSIGNED","2026-10-07","Lightweight existing-tool mapping hypothesis; duplicate decision and Gate status unchanged.","MEDIUM"
"TOOL-176","Quantum-Safe VPN Overhead Estimator","E1","Security & Infrastructure","Network Security","GROWTH","D","P4","CALCULATE","PLANNED","","","PENDING","PENDING","PENDING","PENDING","PENDING","PENDING","UNREVIEWED","NOT_STARTED","PENDING","PENDING","PENDING","PENDING","PENDING","PENDING","PENDING","PENDING","PENDING","PENDING","PENDING","PENDING","PENDING","UNASSIGNED","2026-10-07","Candidate only; no approval inferred from roadmap.","NO_MATCH"
"TOOL-177","Data Center PUE Calculator","E2","Security & Infrastructure","Power / Cooling / Facility Infrastructure","CORE","A","P1","CALCULATE,OPTIMIZE","PLANNED","pue-data-center-energy-efficiency","pue-data-center-energy-efficiency","CP-PUE-001","PENDING","PENDING","PENDING","PENDING","PENDING","REJECT_DUPLICATE","FAIL","EVIDENCED: repository implementation and test artifacts referenced in audit_notes.","EVIDENCED: repository implementation and test artifacts referenced in audit_notes.","EVIDENCED: repository implementation and test artifacts referenced in audit_notes.","EVIDENCED: repository implementation and test artifacts referenced in audit_notes.","EVIDENCED: repository implementation and test artifacts referenced in audit_notes.","EVIDENCED: repository implementation and test artifacts referenced in audit_notes.","NETWORK_SPECIFIC_CONFIRMED","PENDING","PENDING","PENDING","PENDING","PENDING","PENDING","agent-highrisk","2026-10-08","target_existing_tool_id=pue-data-center-energy-efficiency; engine.js, ENGINEERING_METHOD.md and tests cover PUE calculation.","HIGH"
"TOOL-178","Network Room PUE Estimator","E2","Security & Infrastructure","Power / Cooling / Facility Infrastructure","CORE","A","P1","CALCULATE,OPTIMIZE","PLANNED","","","PENDING","PENDING","PENDING","PENDING","PENDING","PENDING","UNREVIEWED","NOT_STARTED","PENDING","PENDING","PENDING","PENDING","PENDING","PENDING","PENDING","PENDING","PENDING","PENDING","PENDING","PENDING","PENDING","UNASSIGNED","2026-10-07","Candidate only; no approval inferred from roadmap.","NO_MATCH"
"TOOL-179","Telecom UPS Capacity Calculator","E2","Security & Infrastructure","Power / Cooling / Facility Infrastructure","CORE","A","P1","CALCULATE,OPTIMIZE","PLANNED","ups-capacity-battery-runtime-calculator","ups-capacity-battery-runtime-calculator","CP-UPS-CAPACITY-001","PENDING","PENDING","PENDING","PENDING","PENDING","REJECT_DUPLICATE","FAIL","EVIDENCED: roadmap objective plus existing tool scope in website/tools/ups-capacity-battery-runtime-calculator/README.md","EVIDENCED: website/tools/ups-capacity-battery-runtime-calculator/js/engine.js calculate() input/output fields","EVIDENCED: website/tools/ups-capacity-battery-runtime-calculator/js/engine.js deterministic calculation logic","EVIDENCED: website/tools/ups-capacity-battery-runtime-calculator/js/engine.js; website/tools/ups-capacity-battery-runtime-calculator/docs/ENGINEERING_METHOD.md","EVIDENCED: website/tools/ups-capacity-battery-runtime-calculator/docs/ENGINEERING_METHOD.md","EVIDENCED: website/tools/ups-capacity-battery-runtime-calculator/docs/engine-test.js","NETWORK_SPECIFIC_CONFIRMED","EVIDENCED: website/tools/ups-capacity-battery-runtime-calculator/index.html problem, inputs and results","EVIDENCED: website/tools/ups-capacity-battery-runtime-calculator/js/engine.js outputs and risk checks","EVIDENCED: website/tools/ups-capacity-battery-runtime-calculator/index.html title and description","EVIDENCED: website/tools/ups-capacity-battery-runtime-calculator/README.md and docs/ENGINEERING_METHOD.md","EVIDENCED: website/tools/ups-capacity-battery-runtime-calculator/js/engine.js scenarios/before-after or reports","PENDING: no monetization evidence required for duplicate rejection","agent-power-fabric","2026-10-08","Deep audit: UPS engine models capacity, modules, redundancy; duplicate.","HIGH"
"TOOL-180","UPS Runtime Calculator","E2","Security & Infrastructure","Power / Cooling / Facility Infrastructure","CORE","B","P2","CALCULATE,OPTIMIZE","PLANNED","ups-capacity-battery-runtime-calculator","ups-capacity-battery-runtime-calculator;generator-ups-transfer-ride-through-planner","CP-UPS-RUNTIME-001","PENDING","PENDING","PENDING","PENDING","PENDING","REJECT_DUPLICATE","FAIL","EVIDENCED: roadmap objective plus existing tool scope in website/tools/ups-capacity-battery-runtime-calculator/README.md","EVIDENCED: website/tools/ups-capacity-battery-runtime-calculator/js/engine.js calculate() input/output fields","EVIDENCED: website/tools/ups-capacity-battery-runtime-calculator/js/engine.js deterministic calculation logic","EVIDENCED: website/tools/ups-capacity-battery-runtime-calculator/js/engine.js; website/tools/ups-capacity-battery-runtime-calculator/docs/ENGINEERING_METHOD.md","EVIDENCED: website/tools/ups-capacity-battery-runtime-calculator/docs/ENGINEERING_METHOD.md","EVIDENCED: website/tools/ups-capacity-battery-runtime-calculator/docs/engine-test.js","NETWORK_SPECIFIC_CONFIRMED","EVIDENCED: website/tools/ups-capacity-battery-runtime-calculator/index.html problem, inputs and results","EVIDENCED: website/tools/ups-capacity-battery-runtime-calculator/js/engine.js outputs and risk checks","EVIDENCED: website/tools/ups-capacity-battery-runtime-calculator/index.html title and description","EVIDENCED: website/tools/ups-capacity-battery-runtime-calculator/README.md and docs/ENGINEERING_METHOD.md","EVIDENCED: website/tools/ups-capacity-battery-runtime-calculator/js/engine.js scenarios/before-after or reports","PENDING: no monetization evidence required for duplicate rejection","agent-power-fabric","2026-10-08","Deep audit: UPS engine calculates derated battery runtime; duplicate.","HIGH"
"TOOL-181","Battery Backup Runtime Calculator","E2","Security & Infrastructure","Power / Cooling / Facility Infrastructure","CORE","B","P2","CALCULATE,OPTIMIZE","PLANNED","48v-battery-runtime","48v-battery-runtime;telecom-solar-battery-sizing-calculator","CP-BATTERY-BACKUP-RUNTIME-001","PENDING","PENDING","PENDING","PENDING","PENDING","REJECT_DUPLICATE","FAIL","EVIDENCED: roadmap objective plus existing tool scope in website/tools/48v-battery-runtime/README.md","EVIDENCED: website/tools/48v-battery-runtime/js/engine.js calculate() input/output fields","EVIDENCED: website/tools/48v-battery-runtime/js/engine.js deterministic calculation logic","EVIDENCED: website/tools/48v-battery-runtime/js/engine.js; website/tools/48v-battery-runtime/docs/ENGINEERING_METHOD.md","EVIDENCED: website/tools/48v-battery-runtime/docs/ENGINEERING_METHOD.md","EVIDENCED: website/tools/48v-battery-runtime/docs/engine-test.js","NETWORK_SPECIFIC_CONFIRMED","EVIDENCED: website/tools/48v-battery-runtime/index.html problem, inputs and results","EVIDENCED: website/tools/48v-battery-runtime/js/engine.js outputs and risk checks","EVIDENCED: website/tools/48v-battery-runtime/index.html title and description","EVIDENCED: website/tools/48v-battery-runtime/README.md and docs/ENGINEERING_METHOD.md","EVIDENCED: website/tools/48v-battery-runtime/js/engine.js scenarios/before-after or reports","PENDING: no monetization evidence required for duplicate rejection","agent-power-fabric","2026-10-08","Deep audit: 48V tool covers telecom battery runtime; generic candidate duplicate.","HIGH"
"TOOL-182","Telecom DC Power Capacity Planner","E2","Security & Infrastructure","Power / Cooling / Facility Infrastructure","CORE","B","P2","PLAN,OPTIMIZE","PLANNED","telecom-rectifier-dc-power-sizing","telecom-rectifier-dc-power-sizing;telecom-ac-dc-breaker-sizing","CP-TELECOM-DC-POWER-001","PENDING","PENDING","PENDING","PENDING","PENDING","REJECT_DUPLICATE","FAIL","EVIDENCED: repository implementation and test artifacts referenced in audit_notes.","EVIDENCED: repository implementation and test artifacts referenced in audit_notes.","EVIDENCED: repository implementation and test artifacts referenced in audit_notes.","EVIDENCED: repository implementation and test artifacts referenced in audit_notes.","EVIDENCED: repository implementation and test artifacts referenced in audit_notes.","EVIDENCED: repository implementation and test artifacts referenced in audit_notes.","NETWORK_SPECIFIC_CONFIRMED","PENDING","PENDING","PENDING","PENDING","PENDING","PENDING","agent-highrisk","2026-10-08","target_existing_tool_id=telecom-rectifier-dc-power-sizing; engine.js and ENGINEERING_METHOD.md cover telecom DC power sizing.","HIGH"
"TOOL-183","N+1 / 2N Power Redundancy Planner","E2","Security & Infrastructure","Power / Cooling / Facility Infrastructure","CORE","C","P3","PLAN","PLANNED","","","PENDING","PENDING","PENDING","PENDING","PENDING","PENDING","UNREVIEWED","NOT_STARTED","PENDING","PENDING","PENDING","PENDING","PENDING","PENDING","PENDING","PENDING","PENDING","PENDING","PENDING","PENDING","PENDING","UNASSIGNED","2026-10-07","Candidate only; no approval inferred from roadmap.","NO_MATCH"
"TOOL-184","Generator Runtime Calculator","E2","Security & Infrastructure","Power / Cooling / Facility Infrastructure","CORE","C","P3","CALCULATE,PLAN,OPTIMIZE","PLANNED","generator-fuel-runtime-calculator","generator-fuel-runtime-calculator;generator-ups-transfer-ride-through-planner","CP-GENERATOR-RUNTIME-001","PENDING","PENDING","PENDING","PENDING","PENDING","REJECT_DUPLICATE","FAIL","EVIDENCED: repository implementation and engine-test.js.","EVIDENCED: repository implementation and engine-test.js.","EVIDENCED: repository implementation and engine-test.js.","EVIDENCED: repository implementation and engine-test.js.","EVIDENCED: repository implementation and engine-test.js.","EVIDENCED: repository implementation and engine-test.js.","NETWORK_SPECIFIC_CONFIRMED","PENDING","PENDING","PENDING","PENDING","PENDING","PENDING","agent-highrisk","2026-10-08","target_existing_tool_id=generator-fuel-runtime-calculator; website/tools/generator-fuel-runtime-calculator/js/engine.js and docs/engine-test.js cover fuel consumption/runtime calculation; roadmap duplicate rejected.","HIGH"
"TOOL-185","Network Room Cooling Load Estimator","E2","Security & Infrastructure","Power / Cooling / Facility Infrastructure","CORE","D","P4","CALCULATE","PLANNED","data-center-cooling-load-calculator","network-rack-power-cooling-calculator;data-center-cooling-load-calculator;data-center-airflow-containment-planner","CP-DC-COOLING-LOAD-001","PENDING","PENDING","PENDING","PENDING","PENDING","REJECT_DUPLICATE","FAIL","EVIDENCED: repository implementation and test artifacts referenced in audit_notes.","EVIDENCED: repository implementation and test artifacts referenced in audit_notes.","EVIDENCED: repository implementation and test artifacts referenced in audit_notes.","EVIDENCED: repository implementation and test artifacts referenced in audit_notes.","EVIDENCED: repository implementation and test artifacts referenced in audit_notes.","EVIDENCED: repository implementation and test artifacts referenced in audit_notes.","NETWORK_SPECIFIC_CONFIRMED","PENDING","PENDING","PENDING","PENDING","PENDING","PENDING","agent-highrisk","2026-10-08","target_existing_tool_id=data-center-cooling-load-calculator; engine.js, deep-workflow.js and tests cover cooling load.","HIGH"
"TOOL-186","Rack Power Density Calculator","E2","Security & Infrastructure","Power / Cooling / Facility Infrastructure","CORE","D","P4","CALCULATE","PLANNED","network-rack-power-cooling-calculator","network-rack-power-cooling-calculator","CP-RACK-POWER-DENSITY-001","PENDING","PENDING","PENDING","PENDING","PENDING","REJECT_DUPLICATE","FAIL","EVIDENCED: roadmap objective plus existing tool scope in website/tools/network-rack-power-cooling-calculator/README.md","EVIDENCED: website/tools/network-rack-power-cooling-calculator/js/engine.js calculate() input/output fields","EVIDENCED: website/tools/network-rack-power-cooling-calculator/js/engine.js deterministic calculation logic","EVIDENCED: website/tools/network-rack-power-cooling-calculator/js/engine.js; website/tools/network-rack-power-cooling-calculator/docs/ENGINEERING_METHOD.md","EVIDENCED: website/tools/network-rack-power-cooling-calculator/docs/ENGINEERING_METHOD.md","EVIDENCED: website/tools/network-rack-power-cooling-calculator/docs/engine-test.js","NETWORK_SPECIFIC_CONFIRMED","EVIDENCED: website/tools/network-rack-power-cooling-calculator/index.html problem, inputs and results","EVIDENCED: website/tools/network-rack-power-cooling-calculator/js/engine.js outputs and risk checks","EVIDENCED: website/tools/network-rack-power-cooling-calculator/index.html title and description","EVIDENCED: website/tools/network-rack-power-cooling-calculator/README.md and docs/ENGINEERING_METHOD.md","EVIDENCED: website/tools/network-rack-power-cooling-calculator/js/engine.js scenarios/before-after or reports","PENDING: no monetization evidence required for duplicate rejection","agent-power-fabric","2026-10-08","Deep audit: rack engine outputs W/U density and density risk; candidate is split.","HIGH"
"TOOL-187","QKD Link Loss Calculator","F1","Future Networks","Quantum Networking","EMERGING","D","P4","CALCULATE","PLANNED","","","PENDING","PENDING","PENDING","PENDING","PENDING","PENDING","UNREVIEWED","NOT_STARTED","PENDING","PENDING","PENDING","PENDING","PENDING","PENDING","PENDING","PENDING","PENDING","PENDING","PENDING","PENDING","PENDING","UNASSIGNED","2026-10-07","Candidate only; no approval inferred from roadmap.","NO_MATCH"
"TOOL-188","QKD Trusted-Node Distance Planner","F1","Future Networks","Quantum Networking","EMERGING","D","P4","PLAN","PLANNED","","","PENDING","PENDING","PENDING","PENDING","PENDING","PENDING","UNREVIEWED","NOT_STARTED","PENDING","PENDING","PENDING","PENDING","PENDING","PENDING","PENDING","PENDING","PENDING","PENDING","PENDING","PENDING","PENDING","UNASSIGNED","2026-10-07","Candidate only; no approval inferred from roadmap.","NO_MATCH"
"TOOL-189","Quantum Key Rate Estimator","F1","Future Networks","Quantum Networking","EMERGING","D","P4","CALCULATE","PLANNED","","","PENDING","PENDING","PENDING","PENDING","PENDING","PENDING","UNREVIEWED","NOT_STARTED","PENDING","PENDING","PENDING","PENDING","PENDING","PENDING","PENDING","PENDING","PENDING","PENDING","PENDING","PENDING","PENDING","UNASSIGNED","2026-10-07","Candidate only; no approval inferred from roadmap.","NO_MATCH"
"TOOL-190","5G UPF Capacity Planner","R18","Reserved Primary Domains","Telecom Core & Platforms","GROWTH","D","P4","PLAN,OPTIMIZE","PLANNED","","","PENDING","PENDING","PENDING","PENDING","PENDING","PENDING","UNREVIEWED","NOT_STARTED","PENDING","PENDING","PENDING","PENDING","PENDING","PENDING","PENDING","PENDING","PENDING","PENDING","PENDING","PENDING","PENDING","UNASSIGNED","2026-10-07","Candidate only; no approval inferred from roadmap.","NO_MATCH"
"TOOL-191","Network Slice SLA Planner","R18","Reserved Primary Domains","Telecom Core & Platforms","GROWTH","D","P4","PLAN,OPTIMIZE","PLANNED","","","PENDING","PENDING","PENDING","PENDING","PENDING","PENDING","UNREVIEWED","NOT_STARTED","PENDING","PENDING","PENDING","PENDING","PENDING","PENDING","PENDING","PENDING","PENDING","PENDING","PENDING","PENDING","PENDING","UNASSIGNED","2026-10-07","Candidate only; no approval inferred from roadmap.","NO_MATCH"
"TOOL-192","IMS Session Capacity Estimator","R18","Reserved Primary Domains","Telecom Core & Platforms","GROWTH","D","P4","CALCULATE,OPTIMIZE","PLANNED","","","PENDING","PENDING","PENDING","PENDING","PENDING","PENDING","UNREVIEWED","NOT_STARTED","PENDING","PENDING","PENDING","PENDING","PENDING","PENDING","PENDING","PENDING","PENDING","PENDING","PENDING","PENDING","PENDING","UNASSIGNED","2026-10-07","Candidate only; no approval inferred from roadmap.","NO_MATCH"
"TOOL-193","Satellite Link Budget Calculator","R19","Reserved Primary Domains","Space / Satellite / NTN Communications","GROWTH","D","P4","CALCULATE","PLANNED","","","PENDING","PENDING","PENDING","PENDING","PENDING","PENDING","UNREVIEWED","NOT_STARTED","PENDING","PENDING","PENDING","PENDING","PENDING","PENDING","PENDING","PENDING","PENDING","PENDING","PENDING","PENDING","PENDING","UNASSIGNED","2026-10-07","Candidate only; no approval inferred from roadmap.","NO_MATCH"
"TOOL-194","LEO / GEO Propagation Delay Calculator","R19","Reserved Primary Domains","Space / Satellite / NTN Communications","GROWTH","D","P4","CALCULATE","PLANNED","","","PENDING","PENDING","PENDING","PENDING","PENDING","PENDING","UNREVIEWED","NOT_STARTED","PENDING","PENDING","PENDING","PENDING","PENDING","PENDING","PENDING","PENDING","PENDING","PENDING","PENDING","PENDING","PENDING","UNASSIGNED","2026-10-07","Candidate only; no approval inferred from roadmap.","NO_MATCH"
"TOOL-195","Satellite Doppler Shift Calculator","R19","Reserved Primary Domains","Space / Satellite / NTN Communications","GROWTH","D","P4","CALCULATE","PLANNED","","","PENDING","PENDING","PENDING","PENDING","PENDING","PENDING","UNREVIEWED","NOT_STARTED","PENDING","PENDING","PENDING","PENDING","PENDING","PENDING","PENDING","PENDING","PENDING","PENDING","PENDING","PENDING","PENDING","UNASSIGNED","2026-10-07","Candidate only; no approval inferred from roadmap.","NO_MATCH"
"TOOL-196","NTN Gateway Capacity Planner","R19","Reserved Primary Domains","Space / Satellite / NTN Communications","GROWTH","D","P4","PLAN,OPTIMIZE","PLANNED","","","PENDING","PENDING","PENDING","PENDING","PENDING","PENDING","UNREVIEWED","NOT_STARTED","PENDING","PENDING","PENDING","PENDING","PENDING","PENDING","PENDING","PENDING","PENDING","PENDING","PENDING","PENDING","PENDING","UNASSIGNED","2026-10-07","Candidate only; no approval inferred from roadmap.","NO_MATCH"
"TOOL-197","Sub-THz Path Loss Explorer","R20","Reserved Primary Domains","6G / IMT-2030 Future Networks","EMERGING","D","P4","CALCULATE","PLANNED","","","PENDING","PENDING","PENDING","PENDING","PENDING","PENDING","UNREVIEWED","NOT_STARTED","PENDING","PENDING","PENDING","PENDING","PENDING","PENDING","PENDING","PENDING","PENDING","PENDING","PENDING","PENDING","PENDING","UNASSIGNED","2026-10-07","Candidate only; no approval inferred from roadmap.","NO_MATCH"
"TOOL-198","6G Latency Budget Explorer","R20","Reserved Primary Domains","6G / IMT-2030 Future Networks","EMERGING","D","P4","CALCULATE","PLANNED","","","PENDING","PENDING","PENDING","PENDING","PENDING","PENDING","UNREVIEWED","NOT_STARTED","PENDING","PENDING","PENDING","PENDING","PENDING","PENDING","PENDING","PENDING","PENDING","PENDING","PENDING","PENDING","PENDING","UNASSIGNED","2026-10-07","Candidate only; no approval inferred from roadmap.","NO_MATCH"
"TOOL-199","ISAC Communication-Sensing Trade-off Explorer","R20","Reserved Primary Domains","6G / IMT-2030 Future Networks","EMERGING","D","P4","CALCULATE","PLANNED","","","PENDING","PENDING","PENDING","PENDING","PENDING","PENDING","UNREVIEWED","NOT_STARTED","PENDING","PENDING","PENDING","PENDING","PENDING","PENDING","PENDING","PENDING","PENDING","PENDING","PENDING","PENDING","PENDING","UNASSIGNED","2026-10-07","Candidate only; no approval inferred from roadmap.","NO_MATCH"
"TOOL-200","6G Terrestrial-NTN Scenario Planner","R20","Reserved Primary Domains","6G / IMT-2030 Future Networks","EMERGING","D","P4","PLAN","PLANNED","","","PENDING","PENDING","PENDING","PENDING","PENDING","PENDING","UNREVIEWED","NOT_STARTED","PENDING","PENDING","PENDING","PENDING","PENDING","PENDING","PENDING","PENDING","PENDING","PENDING","PENDING","PENDING","PENDING","UNASSIGNED","2026-10-07","Candidate only; no approval inferred from roadmap.","NO_MATCH"
